CreditDuration;CreditAmount;InstallmentRate;Age;NumberOfCredits;CreditHistory;EmploymentDuration;Housing;Purpose;Savings;Group;Gender;CreditRisk (y);y_hat
6;1169;4;67;2;A34;A75;A152;A43;A65;1;0;1;
48;5951;2;22;1;A32;A73;A152;A43;A61;0;1;0;
12;2096;2;49;1;A34;A74;A152;A46;A61;1;0;1;0,852052987
42;7882;2;45;1;A32;A74;A153;A42;A61;0;0;1;
24;4870;3;53;2;A33;A73;A153;A40;A61;1;0;0;
36;9055;2;35;1;A32;A73;A153;A46;A65;0;0;1;
24;2835;3;53;1;A32;A75;A152;A42;A63;1;0;1;
36;6948;2;35;1;A32;A73;A151;A41;A61;0;0;1;
12;3059;2;61;1;A32;A74;A152;A43;A64;1;0;1;
30;5234;4;28;2;A34;A71;A152;A40;A61;1;0;0;
12;1295;3;25;1;A32;A72;A151;A40;A61;1;1;0;
48;4308;3;24;1;A32;A72;A151;A49;A61;1;1;0;
12;1567;1;22;1;A32;A73;A152;A43;A61;1;1;1;
24;1199;4;60;2;A34;A75;A152;A40;A61;1;0;0;
15;1403;2;28;1;A32;A73;A151;A40;A61;1;1;1;
24;1282;4;32;1;A32;A73;A152;A43;A62;1;1;0;0,690417767
24;2424;4;53;2;A34;A75;A152;A43;A65;1;0;1;
30;8072;2;25;3;A30;A72;A152;A49;A65;0;0;1;
24;12579;4;44;1;A32;A75;A153;A41;A61;0;1;0;
24;3430;3;31;1;A32;A75;A152;A43;A63;1;0;1;
9;2134;4;48;3;A34;A73;A152;A40;A61;1;0;1;
6;2647;2;44;1;A32;A73;A151;A43;A63;1;0;1;
10;2241;1;48;2;A34;A72;A151;A40;A61;1;0;1;
12;1804;3;44;1;A34;A72;A152;A41;A62;1;0;1;0,924895227
10;2069;2;26;2;A34;A73;A152;A42;A65;1;0;1;
6;1374;1;36;1;A32;A73;A152;A42;A61;1;0;1;
6;426;4;39;1;A30;A75;A152;A43;A61;1;0;1;
12;409;3;42;2;A31;A73;A151;A43;A64;1;1;1;
7;2415;3;34;1;A32;A73;A152;A43;A61;1;0;1;
60;6836;3;63;2;A33;A75;A152;A49;A61;0;0;0;0,835083246
18;1913;3;36;1;A32;A72;A152;A49;A64;1;0;1;0,902312994
24;4020;2;27;1;A32;A73;A152;A42;A61;1;0;1;
18;5866;2;30;2;A32;A73;A152;A40;A62;0;0;1;0,855559886
12;1264;4;57;1;A34;A75;A151;A49;A65;1;0;1;
12;1474;4;33;1;A32;A72;A152;A42;A61;1;1;1;
45;4746;4;25;2;A34;A72;A152;A43;A61;1;0;0;
48;6110;1;31;1;A34;A73;A153;A46;A61;0;0;1;
18;2100;4;37;1;A32;A73;A152;A43;A61;1;0;0;
10;1225;2;37;1;A32;A73;A152;A44;A61;1;0;1;
9;458;4;24;1;A32;A73;A152;A43;A61;1;0;1;
30;2333;4;30;1;A32;A75;A152;A43;A63;1;0;1;
12;1158;3;26;1;A32;A73;A152;A43;A63;1;0;1;
18;6204;2;44;1;A33;A73;A152;A45;A61;0;0;1;
30;6187;1;24;2;A34;A74;A151;A41;A62;0;0;1;0,68856889
48;6143;4;58;2;A34;A75;A153;A41;A61;0;1;0;0,699797213
11;1393;4;35;2;A34;A72;A152;A40;A61;1;1;1;0,926021576
36;2299;4;39;1;A32;A75;A152;A43;A63;1;0;1;
6;1352;1;23;1;A32;A71;A151;A41;A63;1;1;1;
11;7228;1;39;2;A34;A73;A152;A40;A61;0;0;1;
12;2073;4;28;1;A32;A73;A152;A43;A62;1;1;1;0,896418273
24;2333;4;29;1;A33;A72;A152;A42;A65;1;0;1;
27;5965;1;30;2;A33;A75;A152;A41;A61;0;0;1;0,954671741
12;1262;3;25;1;A32;A73;A152;A43;A61;1;0;1;
18;3378;2;31;1;A32;A73;A152;A41;A65;1;0;1;
36;2225;4;57;2;A33;A75;A153;A40;A61;1;0;0;
6;783;1;26;1;A31;A73;A152;A40;A65;1;0;1;
12;6468;2;52;1;A32;A71;A152;A43;A65;0;0;0;0,893727541
36;9566;2;31;2;A34;A73;A152;A43;A61;0;1;1;
18;1961;3;23;1;A32;A75;A152;A40;A61;1;1;1;
36;6229;4;23;2;A34;A72;A151;A42;A61;0;1;0;0,398082823
9;1391;2;27;1;A32;A73;A152;A49;A61;1;0;1;
15;1537;4;50;2;A34;A75;A152;A43;A65;1;0;1;
36;1953;4;61;1;A30;A75;A153;A49;A61;1;0;0;
48;14421;2;25;1;A30;A73;A152;A49;A61;0;0;0;0,036973838
24;3181;4;26;1;A32;A72;A152;A43;A61;1;1;1;
27;5190;4;48;4;A32;A75;A152;A45;A65;1;0;1;0,650263488
12;2171;2;29;1;A32;A72;A152;A43;A61;1;1;1;
12;1007;4;22;1;A32;A73;A152;A40;A64;1;0;1;0,893612325
36;1819;4;37;1;A32;A73;A153;A46;A61;1;0;0;
36;2394;4;25;1;A32;A73;A152;A43;A65;1;1;1;0,311896652
36;8133;1;30;1;A32;A73;A152;A41;A61;0;1;1;0,571356595
7;730;4;46;2;A34;A75;A151;A43;A65;1;0;1;0,977869868
8;1164;3;51;2;A34;A75;A153;A410;A61;1;0;1;0,654764593
42;5954;2;41;2;A34;A74;A152;A49;A61;0;1;1;0,88307941
36;1977;4;40;1;A32;A75;A152;A46;A65;1;0;0;
12;1526;4;66;2;A34;A75;A153;A41;A61;1;0;1;
42;3965;4;34;1;A32;A72;A152;A43;A61;1;0;0;0,642867565
11;4771;2;51;1;A33;A74;A152;A43;A61;1;0;1;
54;9436;2;39;1;A30;A73;A152;A41;A65;0;0;1;0,863627553
30;3832;2;22;1;A32;A72;A152;A42;A61;1;0;1;
24;5943;1;44;2;A32;A72;A152;A43;A65;0;1;0;
15;1213;4;47;1;A32;A75;A152;A43;A63;1;0;1;
18;1568;3;24;1;A32;A73;A151;A49;A62;1;1;1;
24;1755;4;58;1;A32;A75;A152;A410;A61;1;1;1;
10;2315;3;52;1;A32;A75;A152;A43;A61;1;0;1;
12;1412;4;29;2;A34;A73;A152;A49;A61;1;1;1;
18;1295;4;27;2;A34;A72;A152;A42;A61;1;1;1;
36;12612;1;47;1;A32;A73;A153;A46;A62;0;0;0;
18;2249;4;30;1;A32;A74;A152;A40;A62;1;0;1;
12;1108;4;28;2;A30;A74;A152;A45;A61;1;0;0;
12;618;4;56;1;A34;A75;A152;A43;A61;1;0;1;
12;1409;4;54;1;A34;A75;A152;A41;A61;1;0;1;
12;797;4;33;1;A34;A75;A152;A43;A65;1;1;0;
24;3617;4;20;2;A34;A75;A151;A42;A65;1;0;1;
12;1318;4;54;1;A32;A75;A152;A40;A64;1;0;1;
54;15945;3;58;1;A30;A72;A151;A49;A61;0;0;0;
12;2012;4;61;1;A34;A74;A152;A46;A65;1;1;1;
18;2622;4;34;1;A32;A73;A152;A49;A62;1;0;1;
36;2337;4;36;1;A34;A75;A152;A43;A61;1;0;1;
20;7057;3;36;2;A33;A74;A151;A41;A65;0;0;1;0,940899909
24;1469;4;41;1;A32;A75;A151;A40;A62;1;0;1;0,763782144
36;2323;4;24;1;A32;A74;A151;A43;A61;1;0;1;0,185156271
6;932;3;24;1;A33;A73;A152;A43;A61;1;1;1;
9;1919;4;35;1;A34;A74;A151;A42;A61;1;0;1;
12;2445;2;26;1;A32;A72;A151;A41;A65;1;0;1;
24;11938;2;39;2;A34;A73;A152;A410;A61;0;0;0;
18;6458;2;39;2;A31;A75;A152;A40;A61;0;0;0;
12;6078;2;32;1;A32;A74;A152;A40;A61;0;0;1;0,575355649
24;7721;1;30;1;A32;A72;A152;A42;A65;0;1;1;
14;1410;1;35;1;A32;A75;A152;A49;A63;1;0;1;0,957325518
6;1449;1;31;2;A33;A75;A152;A49;A62;1;0;1;
15;392;4;23;1;A32;A72;A151;A46;A61;1;1;1;0,540696919
18;6260;3;28;1;A32;A74;A151;A40;A61;0;0;1;
36;7855;4;25;2;A34;A73;A152;A40;A61;0;1;0;
12;1680;3;35;1;A32;A75;A152;A43;A63;1;0;1;
48;3578;4;47;1;A34;A75;A152;A43;A65;1;0;1;0,883136988
42;7174;4;30;1;A32;A74;A152;A43;A65;0;1;0;
10;2132;2;27;2;A34;A72;A151;A42;A65;1;1;1;
33;4281;1;23;2;A34;A73;A152;A42;A63;1;1;0;
12;2366;3;36;1;A34;A74;A152;A40;A63;1;0;1;
21;1835;3;25;2;A32;A73;A152;A43;A61;1;1;0;0,689650595
24;3868;4;41;2;A34;A75;A151;A41;A61;1;1;1;
12;1768;3;24;1;A32;A73;A151;A42;A61;1;0;1;
10;781;4;63;2;A34;A75;A153;A40;A61;1;0;1;0,803868234
18;1924;4;27;1;A32;A72;A151;A42;A65;1;1;0;0,440391272
12;2121;4;30;2;A34;A73;A152;A40;A61;1;0;1;
12;701;4;40;1;A32;A73;A152;A43;A61;1;0;1;
12;639;4;30;1;A32;A73;A152;A45;A61;1;0;0;
12;1860;4;34;2;A34;A71;A152;A41;A61;1;0;1;0,645951986
12;3499;3;29;2;A34;A73;A152;A40;A61;1;1;0;
48;8487;1;24;1;A32;A74;A152;A40;A65;0;1;1;
36;6887;4;29;1;A33;A73;A152;A46;A61;0;0;0;
15;2708;2;27;2;A32;A72;A152;A42;A61;1;0;1;
18;1984;4;47;2;A32;A73;A153;A42;A61;1;0;1;
60;10144;2;21;1;A32;A74;A152;A43;A62;0;1;1;
12;1240;4;38;2;A34;A75;A152;A43;A65;1;1;1;0,96003288
27;8613;2;27;2;A33;A73;A152;A41;A64;0;0;1;
12;766;4;66;1;A32;A73;A152;A43;A63;1;0;0;
15;2728;4;35;3;A34;A74;A152;A43;A65;1;0;1;
12;1881;2;44;1;A32;A73;A151;A43;A61;1;1;1;
6;709;2;27;1;A32;A72;A152;A40;A64;1;0;1;
36;4795;4;30;1;A32;A72;A152;A43;A61;1;1;1;0,247526512
27;3416;3;27;1;A32;A73;A152;A43;A61;1;0;1;
18;2462;2;22;1;A32;A73;A152;A42;A61;1;0;0;
21;2288;4;23;1;A34;A72;A152;A42;A61;1;1;1;
48;3566;4;30;1;A31;A74;A152;A49;A62;1;0;1;
6;860;1;39;2;A34;A75;A152;A40;A61;1;1;1;
12;682;4;51;2;A34;A74;A152;A40;A62;1;1;1;
36;5371;3;28;2;A34;A73;A152;A42;A61;1;0;1;0,444099516
18;1582;4;46;2;A34;A75;A152;A43;A64;1;0;1;
6;1346;2;42;1;A32;A75;A153;A43;A62;1;0;1;
10;1924;1;38;1;A32;A73;A152;A43;A61;1;0;1;
36;5848;4;24;1;A32;A73;A152;A43;A61;0;0;1;
24;7758;2;29;1;A34;A75;A151;A41;A64;0;1;1;
24;6967;4;36;1;A33;A74;A151;A49;A62;0;0;1;
12;1282;2;20;1;A32;A73;A151;A42;A61;1;1;0;
9;1288;3;48;2;A34;A75;A152;A45;A62;1;0;1;
12;339;4;45;1;A31;A75;A152;A48;A61;1;0;1;
24;3512;2;38;2;A32;A74;A152;A40;A62;1;0;1;
6;1898;1;34;2;A34;A73;A152;A43;A65;1;0;1;
24;2872;3;36;1;A34;A75;A152;A43;A62;1;0;1;
18;1055;4;30;2;A34;A72;A152;A40;A61;1;1;1;
15;1262;4;36;2;A32;A74;A152;A44;A63;1;0;1;0,925460815
10;7308;2;70;1;A32;A71;A153;A40;A61;0;0;1;0,476810217
36;909;4;36;1;A32;A75;A152;A40;A63;1;0;1;
6;2978;1;32;1;A32;A73;A152;A42;A63;1;0;1;
18;1131;4;33;1;A32;A71;A152;A42;A61;1;1;0;
11;1577;4;20;1;A32;A72;A152;A42;A64;1;1;1;
24;3972;2;25;1;A32;A74;A151;A42;A61;1;1;1;0,500623167
24;1935;4;31;2;A34;A75;A152;A49;A61;1;0;0;
15;950;4;33;2;A30;A75;A151;A40;A61;1;0;0;0,160156265
12;763;4;26;1;A32;A73;A152;A42;A61;1;1;1;
24;2064;3;34;1;A33;A71;A152;A42;A61;1;1;0;
8;1414;4;33;1;A32;A73;A152;A43;A61;1;0;1;0,846334696
21;3414;2;26;2;A33;A72;A152;A46;A61;1;0;0;
30;7485;4;53;1;A31;A71;A152;A41;A65;0;1;0;0,574563265
12;2577;2;42;1;A32;A73;A152;A42;A61;1;0;1;
6;338;4;52;2;A34;A75;A152;A43;A63;1;0;1;
12;1963;4;31;2;A32;A74;A151;A43;A61;1;0;1;
21;571;4;65;2;A34;A75;A152;A40;A61;1;0;1;
36;9572;1;28;2;A33;A72;A152;A49;A61;0;0;0;
36;4455;2;30;2;A33;A73;A152;A49;A61;1;0;0;
21;1647;4;40;2;A31;A73;A152;A40;A65;1;0;0;0,269191444
24;3777;4;50;1;A34;A73;A152;A42;A64;1;0;1;
18;884;4;36;1;A34;A75;A152;A40;A61;1;0;0;0,944306076
15;1360;4;31;2;A34;A73;A152;A43;A61;1;0;1;0,943874598
9;5129;2;74;1;A31;A75;A153;A41;A61;0;1;0;
16;1175;2;68;3;A34;A71;A153;A40;A61;1;0;1;
12;674;4;20;1;A32;A74;A152;A43;A62;1;0;0;0,633012474
18;3244;1;33;2;A30;A73;A152;A42;A61;1;1;1;
24;4591;2;54;3;A32;A73;A152;A49;A64;1;0;0;
48;3844;4;34;1;A30;A74;A153;A49;A62;1;0;0;
27;3915;4;36;1;A32;A73;A152;A49;A61;1;0;0;0,901307523
6;2108;2;29;1;A32;A74;A151;A43;A61;1;0;1;
45;3031;4;21;1;A32;A73;A151;A43;A62;1;0;0;0,141260952
9;1501;2;34;2;A34;A75;A152;A46;A61;1;1;0;
6;1382;1;28;2;A34;A73;A152;A43;A61;1;1;1;0,982545972
12;951;4;27;4;A32;A72;A151;A42;A62;1;1;0;
24;2760;4;36;1;A32;A75;A153;A41;A65;1;0;1;0,930432677
18;4297;4;40;1;A33;A75;A152;A42;A61;1;0;0;0,54886961
9;936;4;52;2;A34;A75;A152;A46;A63;1;0;1;
12;1168;4;27;1;A32;A73;A152;A40;A61;1;0;1;
27;5117;3;26;2;A33;A74;A152;A49;A61;1;0;1;
12;902;4;21;1;A32;A74;A151;A48;A61;1;0;0;0,469527483
12;1495;4;38;2;A34;A75;A152;A40;A61;1;0;1;
30;10623;3;38;3;A34;A75;A153;A41;A61;0;0;1;
12;1935;4;43;3;A34;A75;A152;A42;A61;1;0;1;
12;1424;4;26;1;A34;A74;A152;A44;A61;1;0;1;
24;6568;2;21;1;A32;A73;A152;A49;A61;0;0;1;
12;1413;3;55;1;A32;A74;A152;A41;A64;1;0;1;
9;3074;1;33;2;A34;A73;A152;A43;A65;1;0;1;0,949430406
36;3835;2;45;1;A32;A75;A152;A43;A65;1;1;1;0,81619972
27;5293;2;50;2;A30;A71;A152;A49;A61;1;0;0;0,620854557
30;1908;4;66;1;A33;A75;A152;A49;A61;1;0;0;
36;3342;4;51;1;A34;A75;A152;A43;A65;1;0;1;
6;932;1;39;2;A34;A74;A152;A48;A65;1;1;1;
18;3104;3;31;1;A30;A74;A152;A49;A61;1;0;1;
36;3913;2;23;1;A32;A73;A152;A43;A61;1;0;1;
24;3021;2;24;1;A32;A73;A151;A42;A61;1;0;1;0,719395757
10;1364;2;64;1;A32;A73;A152;A40;A61;1;1;1;
12;625;4;26;1;A32;A72;A152;A43;A61;1;0;1;0,880890191
12;1200;4;23;1;A32;A73;A151;A46;A65;1;1;1;
12;707;4;30;2;A32;A73;A152;A43;A61;1;0;1;
24;2978;4;32;2;A33;A73;A152;A49;A65;1;0;1;
15;4657;3;30;1;A32;A73;A152;A41;A61;1;0;1;
36;2613;4;27;2;A30;A73;A152;A45;A61;1;0;1;
48;10961;1;27;2;A32;A74;A152;A43;A64;0;0;0;0,600896358
12;7865;4;53;1;A32;A75;A153;A42;A61;0;0;0;
9;1478;4;22;1;A32;A74;A152;A43;A61;1;0;0;
24;3149;4;22;1;A32;A72;A153;A42;A61;1;0;1;
36;4210;4;26;1;A32;A73;A152;A43;A61;1;0;0;
9;2507;2;51;1;A32;A75;A153;A40;A63;1;0;1;0,661231458
12;2141;3;35;1;A32;A74;A152;A43;A62;1;0;1;
18;866;4;25;1;A32;A73;A152;A43;A61;1;0;1;0,879760444
4;1544;2;42;3;A34;A74;A152;A43;A61;1;0;1;
24;1823;4;30;1;A32;A71;A152;A43;A61;1;0;0;
6;14555;1;23;1;A32;A71;A152;A40;A65;0;0;0;
21;2767;4;61;2;A32;A75;A151;A49;A62;1;0;0;0,869562268
12;1291;4;35;2;A34;A73;A152;A43;A61;1;1;1;
30;2522;1;39;1;A32;A75;A152;A43;A61;1;0;1;0,882216275
24;915;4;29;1;A32;A75;A152;A40;A65;1;1;0;0,453653783
6;1595;3;51;1;A32;A74;A152;A43;A61;1;0;1;
48;4605;3;24;2;A30;A75;A153;A41;A61;1;0;0;
12;1185;3;27;2;A34;A73;A152;A49;A61;1;1;1;
12;3447;4;35;1;A31;A73;A152;A48;A63;1;1;1;0,667508543
24;1258;4;25;1;A32;A74;A152;A49;A61;1;0;1;
12;717;4;52;3;A34;A75;A152;A43;A61;1;0;1;
6;1204;4;35;1;A30;A73;A151;A40;A62;1;0;1;0,702910125
24;1925;2;26;1;A32;A73;A152;A42;A61;1;0;1;
18;433;3;22;1;A32;A71;A151;A43;A61;1;1;0;
6;666;3;39;2;A34;A74;A152;A40;A64;1;1;1;0,989185572
12;2251;1;46;1;A32;A73;A152;A42;A61;1;1;1;0,877137303
30;2150;4;24;1;A32;A73;A152;A40;A61;1;1;0;
24;4151;2;35;2;A33;A73;A152;A42;A62;1;0;1;
9;2030;2;24;1;A32;A74;A152;A42;A65;1;0;1;0,897612095
60;7418;1;27;1;A33;A73;A152;A43;A65;0;0;1;
24;2684;4;35;2;A34;A73;A152;A43;A61;1;0;1;0,915644765
12;2149;4;29;1;A31;A73;A153;A43;A61;1;0;0;
15;3812;1;23;1;A32;A72;A152;A41;A62;1;1;1;
11;1154;4;57;3;A34;A71;A152;A43;A62;1;1;1;0,889297128
12;1657;2;27;1;A32;A73;A152;A42;A61;1;0;1;
24;1603;4;55;1;A32;A75;A152;A43;A61;1;1;1;0,919780612
18;5302;2;36;3;A34;A75;A153;A40;A61;1;0;1;
12;2748;2;57;3;A34;A75;A153;A46;A61;1;1;1;
10;1231;3;32;2;A34;A75;A152;A40;A61;1;0;1;
15;802;4;37;1;A32;A75;A152;A43;A61;1;0;0;0,964606881
36;6304;4;36;2;A34;A75;A152;A49;A65;0;0;1;0,982948482
24;1533;4;38;1;A32;A72;A152;A43;A61;1;1;1;
14;8978;1;45;1;A32;A75;A152;A40;A61;0;0;0;
24;999;4;25;2;A32;A75;A152;A43;A65;1;0;1;
18;2662;4;32;1;A32;A74;A152;A40;A65;1;0;1;0,943695247
12;1402;3;37;1;A34;A74;A151;A42;A63;1;1;1;0,916540027
48;12169;4;36;1;A31;A71;A153;A40;A65;0;0;1;0,741459012
48;3060;4;28;2;A32;A74;A152;A43;A61;1;0;0;0,36683017
30;11998;1;34;1;A32;A72;A152;A45;A61;0;0;0;0,721919417
9;2697;1;32;1;A32;A73;A152;A43;A61;1;0;1;0,917292893
18;2404;2;26;2;A34;A73;A152;A43;A61;1;1;1;
12;1262;2;49;1;A32;A75;A152;A42;A65;1;0;1;
6;4611;1;32;1;A32;A72;A152;A42;A61;1;1;0;
24;1901;4;29;1;A32;A73;A151;A43;A62;1;0;1;
15;3368;3;23;2;A34;A75;A151;A41;A64;1;0;1;
12;1574;4;50;1;A32;A73;A152;A42;A61;1;0;1;0,716900051
18;1445;4;49;1;A31;A74;A152;A43;A65;1;0;1;
15;1520;4;63;1;A34;A75;A152;A42;A65;1;0;1;
24;3878;4;37;1;A34;A72;A152;A40;A62;1;0;1;
47;10722;1;35;1;A32;A72;A152;A40;A61;0;1;1;
48;4788;4;26;1;A32;A74;A152;A41;A61;1;0;1;
48;7582;2;31;1;A33;A71;A153;A410;A62;0;0;1;
12;1092;4;49;2;A32;A73;A152;A43;A61;1;1;1;
24;1024;4;48;1;A33;A72;A152;A43;A61;1;0;0;0,8688097
12;1076;2;26;1;A32;A73;A152;A49;A61;1;0;1;
36;9398;1;28;1;A32;A72;A151;A41;A61;0;0;0;
24;6419;2;44;2;A34;A75;A153;A41;A61;0;1;1;0,87567842
42;4796;4;56;1;A34;A75;A153;A41;A61;1;0;1;
48;7629;4;46;2;A34;A75;A152;A49;A65;0;0;1;
48;9960;1;26;1;A32;A72;A152;A42;A61;0;1;0;
12;4675;1;20;1;A32;A72;A151;A41;A65;1;1;1;
10;1287;4;45;1;A32;A75;A152;A40;A65;1;0;1;0,915600061
18;2515;3;43;1;A32;A73;A152;A42;A61;1;0;1;0,676613688
21;2745;3;32;2;A34;A74;A152;A42;A64;1;0;1;
6;672;1;54;1;A32;A71;A152;A40;A61;1;1;1;0,908012688
36;3804;4;42;1;A30;A73;A152;A43;A61;1;1;0;
24;1344;4;37;2;A34;A74;A152;A40;A65;1;0;0;
10;1038;4;49;2;A34;A74;A152;A40;A61;1;0;1;0,926420689
48;10127;2;44;1;A34;A73;A153;A40;A63;0;0;0;
6;1543;4;33;1;A32;A73;A152;A42;A64;1;0;1;0,767461956
30;4811;2;24;1;A32;A74;A151;A41;A65;1;1;1;0,423314422
12;727;4;33;1;A32;A72;A152;A43;A62;1;0;0;0,641815603
8;1237;3;24;1;A32;A73;A152;A42;A61;1;1;0;
9;276;4;22;1;A32;A73;A151;A40;A61;1;0;1;0,744858801
48;5381;3;40;1;A32;A71;A153;A410;A65;1;0;1;0,467891663
24;5511;4;25;1;A32;A73;A152;A42;A62;0;0;1;0,653533459
24;3749;2;26;1;A32;A72;A152;A42;A61;1;1;1;
12;685;2;25;1;A32;A74;A152;A40;A61;1;0;0;
4;1494;1;29;1;A32;A72;A152;A40;A65;1;0;1;
36;2746;4;31;1;A31;A75;A152;A42;A61;1;0;0;
12;708;2;38;1;A32;A73;A152;A42;A61;1;0;1;0,745459914
24;4351;1;48;1;A32;A73;A152;A42;A65;1;1;1;
12;701;4;32;2;A34;A73;A152;A46;A61;1;0;1;
15;3643;1;27;2;A33;A75;A152;A42;A61;1;1;1;
30;4249;4;28;2;A34;A71;A152;A40;A61;1;0;0;
24;1938;4;32;1;A32;A72;A152;A43;A61;1;0;0;
24;2910;2;34;1;A32;A74;A153;A41;A61;1;0;1;0,946999073
18;2659;4;28;1;A32;A73;A152;A42;A64;1;0;1;
18;1028;4;36;2;A34;A73;A152;A40;A61;1;1;1;0,952558875
8;3398;1;39;2;A34;A74;A152;A40;A61;1;0;1;
12;5801;2;49;1;A34;A75;A151;A42;A65;0;0;1;
24;1525;4;34;1;A32;A74;A152;A40;A64;1;1;1;
36;4473;4;31;1;A32;A75;A152;A43;A61;1;0;1;
6;1068;4;28;1;A32;A75;A152;A43;A61;1;0;1;
24;6615;2;75;2;A34;A71;A153;A41;A61;0;0;1;
18;1864;4;30;2;A34;A73;A152;A46;A62;1;1;0;0,68970567
60;7408;4;24;1;A32;A72;A152;A40;A62;0;1;0;0,39636153
48;11590;2;24;2;A34;A73;A151;A41;A62;0;1;0;
24;4110;3;23;2;A30;A75;A151;A42;A61;1;0;0;0,2831375
6;3384;1;44;1;A34;A73;A151;A42;A61;1;0;0;
13;2101;2;23;1;A32;A72;A152;A43;A61;1;1;1;
15;1275;4;24;1;A32;A73;A151;A44;A65;1;1;0;
24;4169;4;28;1;A32;A73;A152;A42;A61;1;0;1;
10;1521;4;31;1;A32;A73;A152;A42;A61;1;0;1;0,755715609
24;5743;2;24;2;A34;A72;A153;A46;A61;0;1;1;
21;3599;1;26;1;A32;A74;A151;A42;A61;1;1;1;
18;3213;1;25;1;A32;A72;A151;A43;A63;1;0;1;0,768200934
18;4439;1;33;1;A32;A75;A152;A49;A61;1;0;1;
10;3949;1;37;1;A32;A72;A152;A40;A61;1;0;1;0,912445843
15;1459;4;43;1;A34;A73;A152;A43;A61;1;1;1;
13;882;4;23;2;A34;A72;A152;A43;A61;1;0;1;
24;3758;1;23;1;A32;A71;A151;A43;A63;1;1;1;
6;1743;1;34;2;A33;A73;A152;A49;A62;1;0;1;
9;1136;4;32;2;A34;A75;A153;A46;A64;1;0;0;
9;1236;1;23;1;A32;A72;A151;A44;A61;1;1;1;0,274332374
9;959;1;29;1;A32;A73;A152;A42;A61;1;1;0;0,769842803
18;3229;2;38;1;A34;A71;A152;A41;A65;1;0;1;0,984726548
12;6199;4;28;2;A30;A73;A151;A43;A61;0;0;0;0,503407598
10;727;4;46;1;A32;A75;A153;A46;A63;1;0;1;0,778688848
24;1246;4;23;1;A32;A72;A152;A40;A61;1;0;0;
12;2331;1;49;1;A34;A75;A152;A43;A65;1;0;1;
36;4463;4;26;2;A33;A73;A152;A43;A61;1;0;0;
12;776;4;28;1;A32;A73;A152;A43;A61;1;0;1;
30;2406;4;23;1;A32;A74;A151;A42;A61;1;1;0;
18;1239;4;61;1;A32;A73;A153;A46;A65;1;0;1;
12;3399;2;37;1;A32;A75;A152;A43;A65;1;0;1;0,920612276
12;2247;2;36;2;A33;A73;A152;A40;A61;1;1;1;
6;1766;1;21;1;A32;A73;A151;A42;A61;1;0;1;
18;2473;4;25;1;A32;A71;A152;A42;A61;1;0;0;
12;1542;2;36;1;A32;A74;A152;A49;A61;1;0;1;0,859279156
18;3850;3;27;2;A34;A74;A152;A41;A61;1;0;1;0,985162079
18;3650;1;22;1;A32;A72;A151;A42;A61;1;1;1;0,567350447
36;3446;4;42;1;A32;A75;A152;A42;A61;1;0;0;0,643613338
18;3001;2;40;1;A32;A74;A151;A42;A61;1;1;1;
36;3079;4;36;1;A32;A73;A152;A40;A65;1;0;1;
18;6070;3;33;2;A34;A75;A152;A43;A61;0;0;1;0,924551487
10;2146;1;23;2;A34;A72;A151;A42;A61;1;1;1;
60;13756;2;63;1;A34;A75;A153;A40;A65;0;0;1;
60;14782;3;60;2;A31;A75;A153;A410;A62;0;1;0;0,09935461
48;7685;2;37;1;A31;A74;A151;A49;A61;0;1;0;
18;2320;2;34;2;A33;A71;A152;A43;A61;1;0;1;0,77378118
7;846;3;36;1;A33;A75;A153;A43;A65;1;0;1;
36;14318;4;57;1;A32;A75;A153;A40;A61;0;0;0;
6;362;4;52;2;A34;A73;A152;A40;A62;1;1;1;
20;2212;4;39;1;A32;A74;A152;A42;A65;1;0;1;
18;12976;3;38;1;A32;A71;A153;A41;A61;0;1;0;0,145388439
22;1283;4;25;1;A32;A74;A151;A40;A65;1;1;1;0,277095258
12;1330;4;26;1;A32;A72;A152;A40;A61;1;0;1;0,300400496
30;4272;2;26;2;A33;A73;A152;A49;A62;1;0;1;
18;2238;2;25;2;A34;A73;A152;A43;A61;1;1;1;
18;1126;4;21;1;A32;A72;A151;A43;A65;1;1;1;
18;7374;4;40;2;A34;A71;A152;A42;A61;0;0;1;
15;2326;2;27;1;A34;A73;A152;A49;A63;1;0;1;
9;1449;3;27;2;A32;A74;A152;A49;A61;1;1;1;
18;1820;2;30;1;A32;A73;A152;A40;A61;1;0;1;
12;983;1;19;1;A32;A72;A151;A42;A64;1;1;1;
36;3249;2;39;1;A32;A74;A153;A40;A61;1;0;1;
6;1957;1;31;1;A34;A74;A152;A43;A61;1;1;1;0,940570831
9;2406;2;31;1;A34;A71;A152;A42;A61;1;0;1;0,663134336
39;11760;2;32;1;A33;A74;A151;A46;A62;0;0;1;
12;2578;3;55;1;A32;A71;A153;A42;A61;1;1;1;
36;2348;3;46;2;A34;A73;A152;A42;A61;1;0;1;
12;1223;1;46;2;A32;A75;A151;A40;A61;1;0;0;0,588753641
24;1516;4;43;2;A34;A73;A152;A43;A64;1;1;1;
18;1473;3;39;1;A32;A72;A152;A43;A61;1;0;1;
18;1887;4;28;2;A34;A73;A152;A49;A65;1;0;1;
24;8648;2;27;2;A33;A72;A152;A49;A61;0;0;0;
14;802;4;27;2;A33;A73;A152;A40;A61;1;0;1;
18;2899;4;43;1;A33;A75;A152;A40;A65;1;0;1;
24;2039;1;22;1;A32;A72;A152;A43;A61;1;0;0;0,458788931
24;2197;4;43;2;A34;A74;A152;A41;A65;1;0;1;
15;1053;4;27;1;A32;A72;A152;A43;A61;1;0;1;
24;3235;3;26;1;A32;A75;A152;A43;A63;1;0;1;0,956116736
12;939;4;28;3;A34;A74;A152;A40;A63;1;0;0;
24;1967;4;20;1;A32;A75;A152;A43;A61;1;1;1;
33;7253;3;35;2;A34;A74;A152;A41;A61;0;0;1;0,929592669
12;2292;4;42;2;A34;A71;A152;A49;A61;1;0;0;
10;1597;3;40;1;A32;A73;A151;A40;A63;1;0;1;0,670266211
24;1381;4;35;1;A32;A73;A152;A40;A65;1;1;0;0,119753689
36;5842;2;35;2;A34;A75;A152;A41;A61;0;0;1;0,956956506
12;2579;4;33;1;A32;A72;A152;A40;A61;1;0;0;0,497174472
18;8471;1;23;2;A33;A73;A151;A46;A65;0;1;1;
21;2782;1;31;1;A32;A74;A152;A40;A63;1;1;1;
18;1042;4;33;1;A32;A73;A152;A40;A65;1;1;0;
15;3186;2;20;1;A32;A74;A151;A40;A64;1;1;1;0,898257434
12;2028;4;30;1;A32;A73;A152;A41;A65;1;0;1;
12;958;2;47;2;A34;A74;A152;A40;A61;1;0;1;0,95056051
21;1591;4;34;2;A33;A74;A152;A42;A62;1;0;1;
12;2762;1;25;1;A32;A75;A152;A42;A65;1;1;0;
18;2779;1;21;1;A32;A73;A151;A41;A61;1;0;1;0,766645968
28;2743;4;29;2;A34;A75;A152;A43;A61;1;0;1;0,880776227
18;1149;4;46;2;A34;A73;A152;A43;A64;1;0;1;0,949173033
9;1313;1;20;1;A32;A75;A152;A42;A61;1;0;1;
18;1190;2;55;3;A34;A71;A153;A45;A61;1;1;0;0,91172564
5;3448;1;74;1;A32;A74;A152;A49;A61;1;0;1;
24;11328;2;29;2;A32;A73;A152;A410;A61;0;0;0;
6;1872;4;36;3;A34;A71;A153;A42;A61;1;0;1;0,912357807
24;2058;4;33;2;A34;A73;A152;A45;A61;1;0;1;0,703273773
9;2136;3;25;1;A32;A73;A152;A42;A61;1;0;1;
12;1484;2;25;1;A32;A73;A152;A43;A65;1;0;0;
6;660;2;23;1;A32;A74;A151;A45;A63;1;0;1;0,938347816
24;1287;4;37;2;A34;A75;A152;A40;A64;1;1;1;
42;3394;4;65;2;A34;A71;A152;A45;A61;1;0;1;0,831732094
12;609;4;26;1;A31;A72;A152;A49;A61;1;1;0;0,475891709
12;1884;4;39;1;A32;A75;A152;A40;A61;1;0;1;
12;1620;2;30;1;A32;A73;A152;A42;A61;1;1;1;
20;2629;2;29;2;A33;A73;A152;A410;A61;1;0;1;
12;719;4;41;1;A32;A75;A152;A46;A61;1;0;0;
48;5096;2;30;1;A34;A73;A152;A42;A61;0;1;0;
9;1244;4;41;2;A34;A75;A151;A46;A65;1;1;1;0,945155144
36;1842;4;34;1;A32;A72;A152;A40;A61;1;1;0;
7;2576;2;35;1;A32;A73;A152;A43;A61;1;0;1;
12;1424;3;55;1;A32;A75;A152;A42;A65;1;1;1;
15;1512;3;61;2;A33;A73;A152;A45;A64;1;0;0;
36;11054;4;30;1;A34;A73;A152;A41;A65;0;0;1;0,828699529
6;518;3;29;1;A32;A73;A152;A43;A61;1;1;1;
12;2759;2;34;2;A30;A75;A152;A42;A61;1;0;1;
24;2670;4;35;1;A32;A75;A152;A41;A61;1;0;1;0,89895612
24;4817;2;31;1;A32;A74;A152;A40;A61;1;0;0;
24;2679;4;29;1;A32;A72;A152;A41;A61;1;1;1;
11;3905;2;36;2;A34;A73;A151;A40;A61;1;0;1;
12;3386;3;35;1;A32;A75;A153;A41;A61;1;0;0;
6;343;4;27;1;A32;A72;A152;A44;A61;1;1;1;
18;4594;3;32;1;A32;A72;A152;A43;A61;1;0;1;
36;3620;1;37;1;A32;A73;A152;A42;A61;1;0;1;
15;1721;2;36;1;A32;A72;A152;A40;A61;1;0;1;
12;3017;3;34;1;A32;A72;A151;A42;A61;1;1;1;0,309243858
12;754;4;38;2;A32;A75;A152;A48;A65;1;0;1;
18;1950;4;34;2;A32;A74;A152;A49;A61;1;0;1;0,66303587
24;2924;3;63;1;A32;A73;A152;A41;A61;1;0;1;0,962124765
24;1659;4;29;1;A33;A72;A151;A43;A61;1;1;0;
48;7238;3;32;2;A33;A75;A152;A43;A65;0;0;1;
33;2764;2;26;2;A33;A73;A152;A49;A61;1;1;1;
24;4679;3;35;2;A33;A74;A152;A41;A61;1;0;1;
24;3092;3;22;1;A32;A72;A151;A43;A62;1;0;0;
6;448;4;23;1;A32;A72;A152;A46;A61;1;1;0;0,235462725
9;654;4;28;1;A32;A73;A152;A40;A61;1;0;0;
6;1238;4;36;1;A32;A71;A152;A48;A65;1;0;1;
18;1245;4;33;1;A34;A73;A152;A43;A61;1;0;0;
18;3114;1;26;1;A30;A72;A151;A42;A61;1;1;0;
39;2569;4;24;1;A32;A73;A152;A41;A63;1;0;1;
24;5152;4;25;1;A32;A74;A152;A43;A61;1;0;1;
12;1037;3;39;1;A32;A74;A152;A49;A62;1;0;1;0,902043223
15;1478;4;44;2;A34;A75;A152;A42;A61;1;0;1;0,98071599
12;3573;1;23;1;A34;A73;A152;A43;A61;1;1;1;0,951929986
24;1201;4;26;1;A32;A72;A152;A40;A61;1;0;1;0,843589127
30;3622;4;57;2;A32;A75;A151;A42;A64;1;1;1;0,356737137
15;960;3;30;2;A33;A74;A152;A42;A64;1;1;1;0,898622692
12;1163;4;44;1;A34;A73;A152;A40;A63;1;0;1;
6;1209;4;47;1;A33;A71;A152;A40;A61;1;0;0;0,967314243
12;3077;2;52;1;A32;A73;A152;A43;A61;1;0;1;0,942496777
24;3757;4;62;1;A32;A75;A153;A40;A61;1;1;1;
10;1418;3;35;1;A32;A73;A151;A40;A62;1;0;1;
6;3518;2;26;1;A32;A73;A151;A40;A61;1;0;1;
12;1934;2;26;2;A34;A75;A152;A43;A61;1;0;1;
27;8318;2;42;2;A30;A75;A153;A49;A61;0;1;0;
6;1237;1;27;2;A34;A73;A152;A43;A62;1;1;1;
6;368;4;38;1;A32;A75;A152;A43;A65;1;0;1;
12;2122;3;39;2;A34;A73;A151;A40;A61;1;0;1;0,823150814
24;2996;2;20;1;A32;A73;A152;A42;A65;1;0;0;0,816740394
36;9034;4;29;1;A32;A72;A151;A42;A62;0;0;0;
24;1585;4;40;2;A34;A74;A152;A42;A61;1;0;1;0,926503301
18;1301;4;32;1;A32;A75;A152;A43;A61;1;0;1;
6;1323;2;28;2;A34;A75;A152;A40;A62;1;0;1;
24;3123;4;27;1;A32;A72;A152;A40;A61;1;1;0;
36;5493;2;42;1;A32;A75;A153;A41;A61;0;0;1;
9;1126;2;49;1;A32;A75;A152;A43;A62;1;0;1;
24;1216;4;38;2;A34;A72;A152;A43;A62;1;0;0;
24;1207;4;24;1;A32;A72;A151;A40;A61;1;1;0;
10;1309;4;27;1;A32;A73;A152;A40;A65;1;0;0;
15;2360;2;36;1;A34;A73;A152;A41;A63;1;0;1;0,978467822
15;6850;1;34;1;A31;A71;A152;A40;A62;0;0;0;0,234490275
24;1413;4;28;1;A32;A73;A152;A43;A61;1;0;1;
39;8588;4;45;1;A32;A75;A152;A41;A62;0;0;1;
12;759;4;26;1;A32;A74;A152;A40;A61;1;0;0;
36;4686;2;32;1;A32;A73;A153;A41;A61;1;0;1;
15;2687;2;26;1;A32;A74;A151;A49;A61;1;0;1;
12;585;4;20;2;A33;A73;A151;A43;A61;1;0;1;
24;2255;4;54;1;A32;A72;A152;A40;A65;1;0;1;0,553801656
6;609;4;37;2;A34;A74;A152;A40;A61;1;1;1;
6;1361;2;40;1;A34;A72;A152;A40;A61;1;0;1;
36;7127;2;23;2;A34;A72;A151;A42;A61;0;1;0;
6;1203;3;43;1;A32;A75;A152;A40;A62;1;0;1;0,981422544
6;700;4;36;2;A34;A75;A153;A43;A65;1;0;1;0,942248523
24;5507;3;44;2;A34;A75;A153;A45;A61;0;0;1;
18;3190;2;24;1;A32;A73;A152;A43;A61;1;1;0;
48;7119;3;53;2;A30;A73;A153;A42;A61;0;0;0;
24;3488;3;23;1;A32;A74;A152;A41;A62;1;1;1;
18;1113;4;26;1;A32;A73;A152;A43;A61;1;1;1;
26;7966;2;30;2;A32;A72;A152;A41;A61;0;0;1;
15;1532;4;31;1;A34;A73;A152;A46;A62;1;1;1;0,829199851
4;1503;2;42;2;A34;A74;A152;A43;A61;1;0;1;0,989408016
36;2302;4;31;1;A32;A73;A151;A43;A61;1;0;0;
6;662;3;41;1;A32;A72;A152;A40;A61;1;0;1;0,896983266
36;2273;3;32;2;A32;A74;A152;A46;A61;1;0;1;0,494374394
15;2631;2;28;2;A32;A73;A151;A40;A62;1;1;0;
12;1503;4;41;1;A33;A73;A151;A41;A61;1;0;1;0,851852477
24;1311;4;26;1;A32;A74;A152;A43;A62;1;0;1;
24;3105;4;25;2;A32;A72;A152;A43;A65;1;0;1;0,794467986
21;2319;2;33;1;A34;A72;A151;A46;A61;1;0;0;0,439891875
6;1374;4;75;1;A32;A71;A152;A40;A65;1;1;1;
18;3612;3;37;1;A34;A75;A152;A42;A61;1;1;1;
48;7763;4;42;1;A32;A75;A153;A40;A61;0;0;0;0,277323991
18;3049;1;45;1;A32;A72;A152;A42;A61;1;1;1;
12;1534;1;23;1;A32;A72;A151;A43;A61;1;0;0;
24;2032;4;60;2;A33;A75;A153;A40;A61;1;0;1;
30;6350;4;31;1;A32;A75;A152;A42;A65;0;0;0;
18;2864;2;34;1;A32;A73;A152;A42;A61;1;0;0;0,825906277
12;1255;4;61;2;A34;A75;A152;A40;A61;1;0;1;0,918165326
24;1333;4;43;2;A33;A71;A153;A40;A61;1;0;0;
24;2022;4;37;1;A34;A73;A152;A40;A61;1;1;1;
24;1552;3;32;1;A32;A74;A152;A43;A61;1;0;1;
12;626;4;24;1;A31;A73;A152;A43;A61;1;1;0;0,658664405
48;8858;2;35;2;A34;A74;A153;A41;A65;0;0;1;
12;996;4;23;2;A34;A74;A152;A45;A65;1;1;1;
6;1750;2;45;1;A31;A75;A152;A43;A63;1;0;1;
48;6999;1;34;2;A32;A74;A152;A43;A61;0;0;0;0,743061602
12;1995;4;27;1;A34;A72;A152;A40;A62;1;0;1;
9;1199;4;67;2;A32;A74;A152;A46;A61;1;1;1;0,58915782
12;1331;2;22;1;A32;A72;A152;A43;A61;1;0;0;0,335771143
18;2278;3;28;2;A30;A72;A152;A40;A62;1;1;0;
21;5003;1;29;2;A30;A73;A152;A40;A65;0;1;0;
24;3552;3;27;1;A31;A74;A152;A42;A61;1;0;0;
18;1928;2;31;2;A34;A72;A152;A42;A61;1;0;0;
24;2964;4;49;1;A32;A75;A153;A41;A65;1;0;1;
24;1546;4;24;1;A31;A74;A151;A43;A61;1;0;0;0,3088153
6;683;2;29;1;A33;A72;A152;A43;A61;1;1;1;
36;12389;1;37;1;A32;A73;A153;A40;A65;0;0;0;
24;4712;4;37;2;A33;A73;A152;A49;A65;1;0;1;
24;1553;3;23;2;A33;A74;A151;A43;A62;1;1;1;
12;1372;2;36;1;A32;A74;A152;A40;A61;1;0;0;
24;2578;2;34;1;A34;A75;A152;A43;A64;1;0;1;0,934160829
48;3979;4;41;2;A32;A74;A152;A43;A65;1;0;1;
48;6758;3;31;1;A32;A73;A152;A43;A61;0;1;0;
24;3234;4;23;1;A32;A72;A151;A42;A61;1;1;0;0,400705755
30;5954;3;38;1;A34;A74;A152;A43;A61;0;0;1;
24;5433;2;26;1;A32;A71;A151;A41;A65;0;1;1;0,815928936
15;806;4;22;1;A32;A73;A152;A49;A61;1;1;1;
9;1082;4;27;2;A32;A75;A152;A43;A61;1;0;1;
15;2788;2;24;2;A34;A74;A152;A42;A61;1;1;1;
12;2930;2;27;1;A32;A74;A152;A43;A61;1;1;1;0,94344753
24;1927;3;33;2;A34;A73;A152;A46;A65;1;1;1;
36;2820;4;27;2;A34;A72;A152;A40;A61;1;0;0;
24;937;4;27;2;A32;A72;A152;A48;A61;1;0;1;0,798553348
18;1056;3;30;2;A34;A75;A152;A40;A61;1;0;0;
12;3124;1;49;2;A34;A72;A152;A40;A61;1;0;1;0,871550918
9;1388;4;26;1;A32;A73;A151;A42;A61;1;1;1;0,603127062
36;2384;4;33;1;A32;A72;A151;A45;A61;1;0;0;0,106993414
12;2133;4;52;1;A32;A75;A153;A40;A65;1;1;1;0,920191765
18;2039;1;20;1;A32;A73;A151;A42;A61;1;1;0;0,461053878
9;2799;2;36;2;A34;A73;A151;A40;A61;1;0;1;
12;1289;4;21;1;A32;A73;A152;A42;A61;1;0;1;
18;1217;4;47;1;A32;A73;A152;A44;A61;1;0;0;0,923143804
12;2246;3;60;2;A34;A75;A152;A42;A61;1;0;0;
12;385;4;58;4;A34;A74;A152;A43;A61;1;1;1;0,912872672
24;1965;4;42;2;A33;A73;A151;A40;A65;1;1;1;0,702863157
21;1572;4;36;1;A32;A75;A152;A49;A64;1;1;1;
24;2718;3;20;1;A32;A73;A151;A40;A61;1;1;0;0,122108929
24;1358;4;40;1;A31;A75;A152;A410;A65;1;0;0;
6;931;1;32;1;A31;A72;A152;A40;A62;1;1;0;
24;1442;4;23;2;A32;A74;A151;A40;A61;1;1;0;0,396267086
24;4241;1;36;3;A30;A73;A152;A49;A61;1;0;0;
18;2775;2;31;2;A34;A74;A152;A40;A61;1;0;0;
24;3863;1;32;1;A33;A73;A153;A49;A61;1;0;1;0,874437571
7;2329;1;45;1;A32;A72;A152;A43;A61;1;1;1;
9;918;4;30;1;A32;A73;A152;A42;A61;1;1;0;
24;1837;4;34;1;A31;A74;A153;A46;A61;1;1;0;0,534245372
36;3349;4;28;1;A32;A73;A152;A42;A61;1;1;0;
10;1275;4;23;1;A32;A72;A152;A42;A61;1;1;1;
24;2828;4;22;1;A31;A73;A152;A42;A63;1;0;1;
24;4526;3;74;1;A34;A73;A152;A49;A61;1;0;1;
36;2671;4;50;1;A32;A73;A153;A43;A62;1;1;0;0,083092444
18;2051;4;33;1;A32;A72;A152;A43;A61;1;0;1;
15;1300;4;45;1;A32;A75;A153;A41;A65;1;0;1;
12;741;4;22;1;A32;A71;A152;A44;A62;1;1;0;0,275957972
10;1240;1;48;1;A32;A75;A153;A40;A62;1;1;0;0,368975967
21;3357;4;29;1;A32;A72;A152;A43;A64;1;1;1;
24;3632;1;22;1;A31;A73;A151;A41;A61;1;1;1;0,480263174
18;1808;4;22;1;A33;A74;A152;A42;A61;1;1;0;0,336583525
48;12204;2;48;1;A30;A73;A152;A49;A65;0;0;1;
60;9157;2;27;1;A33;A73;A153;A43;A65;0;0;1;
6;3676;1;37;3;A34;A73;A151;A40;A61;1;0;1;0,972322822
30;3441;2;21;1;A32;A73;A151;A42;A62;1;1;0;0,405742049
12;640;4;49;1;A32;A73;A152;A40;A61;1;0;1;0,797895312
21;3652;2;27;2;A34;A74;A152;A49;A61;1;0;1;0,913632572
18;1530;3;32;2;A34;A73;A152;A40;A61;1;0;0;
48;3914;4;38;1;A32;A73;A152;A49;A65;1;0;0;
12;1858;4;22;1;A32;A72;A151;A42;A61;1;1;1;
18;2600;4;65;2;A32;A73;A153;A43;A61;1;0;0;
15;1979;4;35;1;A32;A75;A152;A43;A65;1;0;1;
6;2116;2;41;1;A32;A73;A152;A42;A61;1;0;1;
9;1437;2;29;1;A31;A74;A152;A40;A62;1;0;0;
42;4042;4;36;2;A34;A73;A152;A42;A63;1;0;1;0,725900888
9;3832;1;64;1;A32;A75;A152;A46;A65;1;0;1;
24;3660;2;28;1;A32;A73;A152;A43;A61;1;1;1;0,829999626
18;1553;4;44;1;A31;A73;A152;A42;A61;1;0;0;
15;1444;4;23;1;A32;A72;A152;A43;A65;1;0;1;
9;1980;2;19;2;A32;A72;A151;A42;A61;1;1;0;
24;1355;3;25;1;A32;A72;A152;A40;A61;1;1;0;
12;1393;4;47;3;A32;A75;A152;A46;A61;1;0;1;
24;1376;4;28;1;A32;A74;A152;A43;A63;1;1;1;
60;15653;2;21;2;A33;A74;A152;A43;A61;0;0;1;0,81282717
12;1493;4;34;1;A32;A72;A152;A43;A61;1;1;1;
42;4370;3;26;2;A33;A74;A152;A43;A61;1;0;0;
18;750;4;27;1;A32;A71;A152;A46;A61;1;1;0;
15;1308;4;38;2;A32;A75;A152;A45;A61;1;0;1;
15;4623;3;40;1;A32;A73;A152;A46;A62;1;0;0;
24;1851;4;33;2;A34;A74;A152;A43;A61;1;0;1;
18;1880;4;32;2;A34;A74;A152;A43;A61;1;0;1;
36;7980;4;27;2;A33;A72;A151;A49;A65;0;0;0;
30;4583;2;32;2;A30;A73;A152;A42;A61;1;0;1;
12;1386;2;26;1;A32;A73;A152;A40;A63;1;1;0;
24;947;4;38;1;A32;A74;A153;A40;A61;1;0;0;
12;684;4;40;1;A32;A73;A151;A46;A61;1;0;0;
48;7476;4;50;1;A32;A74;A153;A46;A61;0;0;1;0,106080391
12;1922;4;37;1;A32;A73;A152;A42;A61;1;0;0;0,263558418
24;2303;4;45;1;A32;A75;A152;A40;A61;1;0;0;
36;8086;2;42;4;A33;A75;A152;A40;A62;0;0;0;
24;2346;4;35;2;A34;A74;A152;A41;A61;1;0;1;0,981796086
14;3973;1;22;1;A32;A71;A153;A40;A61;1;0;1;
12;888;4;41;1;A32;A75;A152;A40;A61;1;0;0;
48;10222;4;37;1;A32;A74;A152;A43;A65;0;0;1;
30;4221;2;28;2;A30;A73;A152;A49;A61;1;1;1;
18;6361;2;41;1;A34;A75;A152;A42;A61;0;0;1;
12;1297;3;23;1;A32;A73;A151;A43;A61;1;0;1;
12;900;4;23;1;A32;A73;A152;A40;A65;1;0;0;
21;2241;4;50;2;A32;A75;A152;A42;A61;1;0;1;
6;1050;4;35;2;A33;A71;A152;A42;A61;1;0;1;
6;1047;2;50;1;A34;A73;A152;A46;A61;1;1;1;
24;6314;4;27;2;A34;A71;A152;A410;A61;0;0;1;
30;3496;4;34;1;A31;A73;A152;A42;A64;1;0;1;
48;3609;1;27;1;A31;A73;A152;A49;A61;1;1;1;
12;4843;3;43;2;A34;A75;A151;A40;A61;1;0;0;
30;3017;4;47;1;A34;A75;A152;A43;A61;1;0;1;
24;4139;3;27;2;A34;A73;A152;A49;A62;1;0;1;0,911406755
36;5742;2;31;2;A32;A74;A152;A49;A62;0;0;1;
60;10366;2;42;1;A32;A75;A152;A40;A61;0;0;1;
6;2080;1;24;1;A34;A73;A152;A40;A63;1;0;1;
21;2580;4;41;1;A33;A72;A152;A49;A63;1;0;0;0,333618581
30;4530;4;26;1;A34;A74;A151;A43;A61;1;1;1;
24;5150;4;33;1;A34;A75;A152;A42;A61;1;0;1;
72;5595;2;24;1;A32;A73;A152;A43;A62;0;0;0;
24;2384;4;64;1;A32;A75;A151;A43;A61;1;0;1;0,891509414
18;1453;3;26;1;A32;A72;A152;A43;A61;1;1;1;0,63726896
6;1538;1;56;1;A32;A72;A152;A46;A61;1;1;1;0,777632535
12;2279;4;37;1;A32;A73;A153;A43;A65;1;0;1;
15;1478;4;33;2;A33;A73;A152;A43;A61;1;0;1;
24;5103;3;47;3;A34;A72;A153;A43;A61;1;0;1;
36;9857;1;31;2;A33;A74;A152;A49;A62;0;0;1;
60;6527;4;34;1;A32;A73;A153;A40;A65;0;0;1;
10;1347;4;27;2;A34;A74;A152;A43;A65;1;0;1;
36;2862;4;30;1;A33;A75;A153;A40;A62;1;0;1;
9;2753;3;35;1;A32;A75;A152;A43;A62;1;0;1;
12;3651;1;31;1;A32;A73;A152;A40;A64;1;0;1;
15;975;2;25;2;A34;A73;A152;A42;A61;1;0;1;
15;2631;3;25;1;A32;A73;A152;A45;A62;1;1;1;
24;2896;2;29;1;A32;A72;A152;A43;A62;1;0;1;0,860666275
6;4716;1;44;2;A34;A72;A152;A40;A65;1;0;1;0,88413769
24;2284;4;28;1;A32;A74;A152;A43;A61;1;0;1;0,935741305
6;1236;2;50;1;A32;A73;A151;A41;A63;1;0;1;
12;1103;4;29;2;A32;A74;A152;A43;A61;1;0;1;
12;926;1;38;1;A34;A71;A152;A40;A61;1;1;1;
18;1800;4;24;2;A34;A73;A152;A43;A61;1;0;1;
15;1905;4;40;1;A32;A75;A151;A46;A61;1;0;1;
12;1123;4;29;1;A32;A73;A151;A42;A63;1;1;0;
48;6331;4;46;2;A34;A75;A153;A41;A61;0;0;0;0,626973271
24;1377;4;47;1;A32;A75;A153;A43;A62;1;1;1;
30;2503;4;41;2;A33;A75;A152;A49;A62;1;0;1;
27;2528;4;32;1;A32;A72;A152;A49;A61;1;1;1;
15;5324;1;35;1;A32;A75;A153;A40;A63;0;1;1;
48;6560;3;24;1;A32;A74;A152;A40;A62;0;0;0;0,405829459
12;2969;4;25;2;A30;A72;A151;A42;A61;1;1;0;0,100206353
9;1206;4;25;1;A32;A75;A152;A43;A61;1;1;1;
9;2118;2;37;1;A32;A73;A152;A43;A61;1;0;1;
18;629;4;32;2;A34;A75;A152;A43;A63;1;0;1;0,831949711
6;1198;4;35;1;A31;A75;A153;A46;A61;1;1;0;
21;2476;4;46;1;A32;A75;A152;A41;A65;1;0;1;0,96344924
9;1138;4;25;2;A34;A73;A152;A43;A61;1;0;1;
60;14027;4;27;1;A32;A74;A152;A40;A61;0;0;0;
30;7596;1;63;2;A34;A75;A152;A41;A65;0;0;1;0,954931259
30;3077;3;40;2;A34;A75;A152;A43;A65;1;0;1;
18;1505;4;32;1;A32;A73;A153;A43;A61;1;0;1;
24;3148;3;31;2;A34;A73;A152;A43;A65;1;0;1;
20;6148;3;31;2;A30;A75;A152;A41;A62;0;0;1;
9;1337;4;34;2;A30;A72;A152;A43;A61;1;0;0;0,868759751
6;433;4;24;1;A31;A72;A151;A46;A64;1;1;0;0,32717213
12;1228;4;24;1;A32;A73;A152;A40;A61;1;1;0;
9;790;4;66;1;A32;A73;A152;A43;A63;1;1;1;
27;2570;3;21;1;A32;A73;A151;A40;A61;1;1;0;
6;250;2;41;2;A34;A73;A152;A40;A64;1;1;1;
15;1316;2;47;2;A34;A73;A152;A43;A63;1;0;1;
18;1882;4;25;2;A32;A73;A151;A43;A61;1;1;0;0,182189211
48;6416;4;59;1;A31;A75;A151;A49;A61;0;1;0;
24;1275;2;36;2;A34;A73;A152;A49;A64;1;0;1;
24;6403;1;33;1;A33;A72;A152;A43;A61;0;0;1;0,667139173
24;1987;2;21;1;A32;A73;A151;A43;A61;1;0;0;
8;760;4;44;1;A32;A74;A152;A43;A61;1;1;1;
24;2603;2;28;1;A32;A73;A151;A41;A64;1;1;1;0,916983962
4;3380;1;37;1;A34;A74;A152;A40;A61;1;1;1;
36;3990;3;29;1;A31;A72;A152;A44;A65;1;1;1;
24;11560;1;23;2;A32;A73;A151;A41;A61;0;1;0;0,143148571
18;4380;3;35;1;A32;A73;A152;A40;A62;1;0;1;
6;6761;1;45;2;A34;A74;A152;A40;A61;0;0;1;
30;4280;4;26;2;A30;A73;A151;A49;A62;1;1;0;
24;2325;2;32;1;A31;A74;A152;A40;A62;1;0;1;
10;1048;4;23;1;A31;A73;A152;A43;A61;1;0;1;0,867414713
21;3160;4;41;1;A32;A75;A152;A43;A65;1;0;1;
24;2483;4;22;1;A31;A73;A152;A42;A63;1;0;1;0,694415808
39;14179;4;30;2;A34;A74;A152;A42;A65;0;0;1;0,415342033
13;1797;3;28;2;A34;A72;A152;A49;A61;1;0;1;
15;2511;1;23;1;A32;A71;A151;A40;A61;1;1;1;0,681331933
12;1274;3;37;1;A32;A72;A152;A40;A61;1;1;0;
21;5248;1;26;1;A32;A73;A152;A41;A65;1;0;1;
15;3029;2;33;1;A32;A74;A152;A41;A61;1;0;1;
6;428;2;49;1;A32;A75;A152;A42;A61;1;1;1;
18;976;1;23;1;A32;A72;A152;A40;A61;1;1;0;
12;841;2;23;1;A32;A74;A151;A49;A62;1;1;1;0,798072577
30;5771;4;25;2;A34;A74;A152;A43;A61;0;1;1;
12;1555;4;55;2;A33;A75;A153;A45;A64;1;0;0;
24;1285;4;32;1;A32;A74;A151;A40;A65;1;1;0;0,277095258
6;1299;1;74;3;A34;A73;A152;A40;A61;1;0;1;0,990181983
15;1271;3;39;2;A34;A73;A153;A43;A65;1;0;0;0,7692644
24;1393;2;31;1;A32;A73;A152;A40;A61;1;0;1;
12;691;4;35;2;A34;A75;A152;A40;A61;1;0;0;0,950064421
15;5045;1;59;1;A34;A75;A152;A40;A65;0;1;1;
18;2124;4;24;2;A34;A73;A151;A42;A61;1;1;0;
12;2214;4;24;1;A32;A73;A152;A43;A61;1;0;1;
21;12680;4;30;1;A34;A75;A153;A40;A65;0;0;0;
24;2463;4;27;2;A34;A74;A152;A40;A62;1;0;1;0,710704684
12;1155;3;40;2;A32;A75;A152;A43;A61;1;0;1;0,959249616
30;3108;2;31;1;A32;A72;A152;A42;A61;1;0;0;
10;2901;1;31;1;A32;A72;A151;A41;A65;1;1;1;
12;3617;1;28;3;A34;A75;A151;A42;A61;1;0;1;
12;1655;2;63;2;A34;A75;A152;A43;A61;1;0;1;
24;2812;2;26;1;A32;A75;A151;A41;A65;1;1;1;
36;8065;3;25;2;A34;A73;A152;A46;A61;0;1;0;0,117758729
21;3275;1;36;1;A34;A75;A152;A41;A61;1;0;1;
24;2223;4;52;2;A34;A75;A152;A43;A62;1;0;1;
12;1480;2;66;3;A34;A71;A153;A40;A63;1;0;1;
24;1371;4;25;1;A32;A73;A151;A40;A65;1;1;0;
36;3535;4;37;2;A34;A74;A152;A40;A61;1;0;1;
18;3509;4;25;1;A32;A74;A152;A43;A61;1;1;1;0,751349092
36;5711;4;38;2;A34;A75;A152;A41;A64;0;0;1;
18;3872;2;67;1;A32;A71;A152;A45;A61;1;1;1;
39;4933;2;25;2;A34;A74;A152;A43;A61;1;0;0;0,606704354
24;1940;4;60;1;A34;A75;A152;A40;A64;1;0;1;
12;1410;2;31;1;A30;A73;A152;A48;A61;1;0;1;0,906594157
12;836;4;23;1;A32;A72;A152;A40;A62;1;1;0;
20;6468;1;60;1;A32;A71;A152;A41;A65;0;0;1;
18;1941;4;35;1;A32;A73;A152;A49;A64;1;0;1;0,637487173
22;2675;3;40;1;A32;A75;A152;A43;A63;1;0;1;
48;2751;4;38;2;A34;A75;A152;A41;A65;1;0;1;0,929847598
48;6224;4;50;1;A33;A75;A153;A46;A61;0;0;0;0,381168336
40;5998;4;27;1;A34;A73;A152;A46;A61;0;0;0;
21;1188;2;39;1;A32;A75;A152;A49;A61;1;1;0;
24;6313;3;41;1;A32;A75;A152;A41;A65;0;0;1;
6;1221;1;27;2;A34;A73;A152;A42;A65;1;0;1;0,975927711
24;2892;3;51;1;A32;A75;A153;A42;A61;1;0;1;
24;3062;4;32;1;A32;A75;A151;A42;A63;1;0;1;
9;2301;2;22;1;A32;A72;A151;A42;A62;1;1;1;
18;7511;1;51;1;A32;A75;A153;A41;A65;0;0;0;
12;1258;2;22;2;A34;A72;A151;A42;A61;1;1;1;
24;717;4;54;2;A33;A75;A152;A40;A65;1;0;1;
9;1549;4;35;1;A32;A72;A152;A40;A65;1;0;1;
24;1597;4;54;2;A34;A75;A153;A46;A61;1;0;1;
18;1795;3;48;2;A34;A75;A151;A43;A61;1;1;1;
20;4272;1;24;2;A34;A75;A152;A42;A61;1;1;1;0,441966027
12;976;4;35;2;A34;A75;A152;A43;A65;1;0;1;
12;7472;1;24;1;A32;A71;A151;A40;A65;0;1;1;
36;9271;2;24;1;A32;A74;A152;A40;A61;0;0;0;
6;590;3;26;1;A32;A72;A152;A43;A61;1;0;1;
12;930;4;65;4;A34;A75;A152;A43;A65;1;0;1;0,961234391
42;9283;1;55;1;A31;A71;A153;A41;A61;0;0;1;0,064401977
15;1778;2;26;2;A30;A72;A151;A40;A61;1;1;0;0,060337495
8;907;3;26;1;A32;A72;A152;A49;A61;1;0;1;
6;484;3;28;1;A32;A74;A152;A43;A61;1;0;1;
36;9629;4;24;2;A34;A74;A152;A41;A61;0;0;0;
48;3051;3;54;1;A32;A73;A152;A44;A61;1;0;0;
48;3931;4;46;1;A32;A74;A153;A40;A61;1;0;0;
36;7432;2;54;1;A33;A73;A151;A40;A61;0;1;1;
6;1338;1;62;1;A32;A73;A152;A44;A63;1;0;1;
6;1554;1;24;2;A34;A74;A151;A43;A61;1;1;1;0,939226329
36;15857;2;43;1;A32;A71;A152;A410;A61;0;0;1;
18;1345;4;26;1;A32;A73;A152;A43;A61;1;0;0;0,566249132
12;1101;3;27;2;A32;A73;A152;A40;A61;1;0;1;
12;3016;3;24;1;A32;A73;A152;A43;A61;1;0;1;
36;2712;2;41;1;A32;A75;A152;A42;A61;1;0;0;
8;731;4;47;2;A34;A75;A152;A40;A61;1;0;1;
18;3780;3;35;2;A34;A72;A152;A42;A61;1;0;1;0,963048398
21;1602;4;30;2;A34;A75;A152;A40;A61;1;0;1;
18;3966;1;33;3;A34;A75;A151;A40;A61;1;1;0;
18;4165;2;36;2;A30;A73;A152;A49;A61;1;0;0;
36;8335;3;47;1;A32;A75;A153;A41;A65;0;0;0;
48;6681;4;38;1;A33;A73;A153;A49;A65;0;0;1;0,795449376
24;2375;4;44;2;A33;A73;A152;A49;A63;1;0;1;
18;1216;4;23;1;A32;A72;A151;A40;A61;1;1;0;
45;11816;2;29;2;A30;A75;A151;A49;A61;0;0;0;0,081018589
24;5084;2;42;1;A32;A75;A152;A43;A65;0;1;1;
15;2327;2;25;1;A32;A72;A152;A43;A61;1;1;0;0,637984395
12;1082;4;48;2;A30;A73;A152;A40;A61;1;0;0;
12;886;4;21;1;A32;A73;A152;A43;A65;1;1;1;
4;601;1;23;1;A32;A72;A151;A42;A61;1;1;1;
24;2957;4;63;2;A34;A75;A152;A41;A61;1;0;1;
24;2611;4;46;2;A34;A75;A152;A43;A61;1;0;1;
36;5179;4;29;1;A32;A74;A152;A42;A61;1;0;0;
21;2993;3;28;2;A33;A73;A152;A41;A61;1;0;1;
18;1943;4;23;1;A32;A72;A152;A45;A61;1;1;0;
24;1559;4;50;1;A31;A74;A152;A49;A61;1;0;1;
18;3422;4;47;3;A32;A75;A152;A42;A61;1;0;1;
21;3976;2;35;1;A32;A74;A152;A42;A65;1;0;1;0,898902655
18;6761;2;68;2;A32;A73;A151;A40;A65;0;0;0;
24;1249;4;28;1;A32;A72;A152;A40;A61;1;0;1;
9;1364;3;59;1;A32;A74;A152;A43;A61;1;0;1;
12;709;4;57;1;A32;A75;A152;A43;A61;1;0;0;0,891991198
20;2235;4;33;2;A34;A73;A151;A40;A61;1;0;0;
24;4042;3;43;2;A34;A74;A152;A41;A65;1;0;1;
15;1471;4;35;2;A34;A73;A153;A43;A61;1;0;1;
18;1442;4;32;2;A31;A74;A153;A40;A61;1;0;0;
36;10875;2;45;2;A33;A75;A152;A40;A61;0;0;1;
24;1474;4;33;1;A32;A72;A152;A40;A62;1;0;1;0,178771198
10;894;4;40;1;A32;A74;A152;A48;A65;1;1;1;
15;3343;4;28;1;A34;A73;A153;A42;A61;1;0;1;0,8207829
15;3959;3;29;1;A32;A73;A152;A40;A61;1;1;0;
9;3577;1;26;1;A32;A73;A151;A40;A62;1;0;1;
24;5804;4;27;2;A34;A73;A152;A41;A64;0;0;1;
18;2169;4;28;1;A33;A73;A152;A49;A61;1;0;0;
24;2439;4;35;1;A32;A72;A152;A43;A61;1;1;0;0,936992586
27;4526;4;32;2;A34;A72;A152;A42;A64;1;0;1;
10;2210;2;25;1;A32;A73;A151;A42;A61;1;0;0;
15;2221;2;20;1;A32;A73;A151;A42;A63;1;1;1;
18;2389;4;27;1;A32;A72;A152;A43;A61;1;1;1;
12;3331;2;42;1;A34;A75;A152;A42;A61;1;0;1;
36;7409;3;37;2;A32;A75;A152;A49;A65;0;0;1;
12;652;4;24;1;A32;A75;A151;A42;A61;1;1;1;
36;7678;2;40;2;A33;A74;A152;A42;A63;0;1;1;
6;1343;1;46;2;A34;A75;A152;A40;A61;1;0;1;
24;1382;4;26;2;A34;A74;A152;A49;A62;1;0;1;
15;874;4;24;1;A32;A72;A152;A44;A65;1;1;1;
12;3590;2;29;1;A32;A73;A152;A42;A61;1;0;1;0,769156337
11;1322;4;40;2;A34;A73;A152;A40;A64;1;1;1;
18;1940;3;36;1;A31;A72;A153;A43;A61;1;0;1;
36;3595;4;28;1;A32;A75;A152;A43;A61;1;0;1;
9;1422;3;27;1;A32;A72;A153;A40;A61;1;0;0;
30;6742;2;36;2;A34;A74;A152;A43;A65;0;0;1;0,965344727
24;7814;3;38;1;A32;A74;A152;A41;A61;0;0;1;
24;9277;2;48;1;A32;A73;A153;A41;A65;0;0;1;0,549617946
30;2181;4;36;2;A34;A75;A152;A40;A65;1;0;1;
18;1098;4;65;2;A34;A71;A152;A43;A61;1;1;1;
24;4057;3;43;1;A32;A74;A152;A42;A61;1;0;0;
12;795;4;53;1;A32;A72;A152;A46;A61;1;1;0;
24;2825;4;34;2;A34;A74;A152;A49;A65;1;0;1;0,93626672
48;15672;2;23;1;A32;A73;A152;A49;A61;0;0;0;0,040733542
36;6614;4;34;2;A34;A75;A152;A40;A61;0;0;1;0,701158643
28;7824;3;40;2;A31;A72;A151;A41;A65;0;0;1;0,392441005
27;2442;4;43;4;A34;A75;A152;A49;A61;1;0;1;
15;1829;4;46;2;A34;A75;A152;A43;A61;1;0;1;
12;2171;4;38;2;A34;A73;A152;A40;A61;1;0;1;
36;5800;3;34;2;A34;A73;A152;A41;A61;0;0;1;
18;1169;4;29;2;A34;A73;A152;A43;A65;1;0;1;
36;8947;3;31;1;A33;A74;A152;A41;A65;0;0;1;
21;2606;4;28;1;A32;A72;A151;A43;A61;1;1;1;
12;1592;3;35;1;A34;A74;A152;A42;A64;1;1;1;
15;2186;1;33;1;A32;A74;A151;A42;A65;1;1;1;
18;4153;2;42;1;A32;A73;A152;A42;A61;1;0;0;
16;2625;2;43;1;A34;A75;A151;A40;A61;1;0;0;0,940623701
20;3485;2;44;2;A34;A72;A152;A40;A65;1;0;1;
36;10477;2;42;2;A34;A75;A153;A41;A65;0;0;1;
15;1386;4;40;1;A32;A73;A151;A43;A65;1;0;1;0,906323254
24;1278;4;36;1;A32;A75;A152;A43;A61;1;0;1;
12;1107;2;20;1;A32;A73;A151;A43;A61;1;0;1;0,367897451
21;3763;2;24;1;A32;A74;A152;A40;A65;1;0;1;0,887418747
36;3711;2;27;1;A32;A73;A152;A46;A65;1;0;1;0,840570867
15;3594;1;46;2;A33;A72;A152;A41;A61;1;1;1;
9;3195;1;33;1;A32;A73;A152;A40;A65;1;1;1;0,881619811
36;4454;4;34;2;A33;A73;A152;A43;A61;1;1;1;
24;4736;2;25;1;A34;A72;A152;A42;A61;1;1;0;
30;2991;2;25;1;A32;A75;A152;A43;A65;1;1;1;
11;2142;1;28;1;A32;A75;A152;A49;A64;1;0;1;
24;3161;4;31;1;A31;A73;A151;A49;A61;1;0;0;
48;18424;1;32;1;A30;A73;A152;A410;A61;0;1;0;
10;2848;1;32;1;A32;A73;A152;A41;A62;1;0;1;0,96440649
6;14896;1;68;1;A32;A75;A152;A40;A61;0;0;0;
24;2359;1;33;1;A32;A71;A152;A42;A62;1;0;0;
24;3345;4;39;1;A32;A75;A151;A42;A61;1;0;0;
18;1817;4;28;2;A34;A73;A152;A42;A61;1;1;1;
48;12749;4;37;1;A33;A74;A152;A43;A63;0;0;1;
9;1366;3;22;1;A32;A72;A151;A43;A61;1;1;0;
12;2002;3;30;1;A32;A74;A151;A40;A61;1;0;1;
24;6872;2;55;1;A31;A72;A152;A42;A61;0;0;0;
12;697;4;46;2;A31;A72;A152;A40;A61;1;0;0;0,422988206
18;1049;4;21;1;A34;A72;A151;A42;A61;1;1;1;0,833861232
48;10297;4;39;3;A32;A74;A153;A41;A61;0;0;0;
30;1867;4;58;1;A32;A75;A152;A43;A65;1;0;1;
12;1344;4;43;2;A33;A73;A152;A40;A61;1;0;1;
24;1747;4;24;1;A32;A72;A152;A42;A61;1;0;1;0,494044751
9;1670;4;22;1;A32;A72;A152;A43;A61;1;1;0;0,371786028
9;1224;3;30;2;A34;A73;A152;A40;A61;1;0;1;
12;522;4;42;2;A34;A75;A152;A43;A63;1;0;1;
12;1498;4;23;1;A32;A73;A152;A43;A61;1;1;1;
30;1919;4;30;2;A33;A72;A152;A43;A62;1;0;0;
9;745;3;28;1;A32;A73;A152;A43;A61;1;1;0;0,922097445
6;2063;4;30;1;A32;A72;A151;A43;A61;1;0;1;0,833066344
60;6288;4;42;1;A32;A73;A153;A46;A61;0;0;0;0,339293867
24;6842;2;46;2;A34;A73;A152;A41;A65;0;0;1;0,981008172
12;3527;2;45;1;A32;A72;A152;A40;A65;1;0;1;
10;1546;3;31;1;A32;A73;A152;A40;A61;1;0;1;0,632084489
24;929;4;31;1;A32;A74;A152;A42;A65;1;0;1;0,879863143
4;1455;2;42;3;A34;A74;A152;A40;A61;1;0;1;
15;1845;4;46;1;A32;A72;A151;A42;A61;1;1;1;0,626651406
48;8358;1;30;2;A30;A72;A152;A40;A63;0;1;1;
24;3349;4;30;1;A31;A72;A153;A42;A63;1;0;0;
12;2859;4;38;1;A32;A71;A152;A40;A65;1;0;1;
18;1533;4;43;1;A32;A72;A152;A42;A61;1;0;0;
24;3621;2;31;2;A32;A75;A152;A43;A62;1;0;0;0,8010571
18;3590;3;40;3;A34;A71;A152;A49;A61;1;0;1;
36;2145;2;24;2;A33;A74;A152;A49;A61;1;0;0;
24;4113;3;28;1;A32;A72;A151;A41;A63;1;1;0;
36;10974;4;26;2;A32;A71;A152;A42;A61;0;1;0;
12;1893;4;29;1;A32;A73;A152;A40;A61;1;1;1;
24;1231;4;57;2;A34;A75;A151;A43;A64;1;1;1;
30;3656;4;49;2;A34;A75;A152;A43;A65;1;0;1;
9;1154;2;37;3;A34;A75;A152;A43;A61;1;0;1;
28;4006;3;45;1;A32;A73;A152;A40;A61;1;0;0;
24;3069;4;30;1;A32;A75;A153;A42;A62;1;0;1;
6;1740;2;30;2;A34;A75;A151;A43;A61;1;0;1;
21;2353;1;47;2;A33;A73;A152;A40;A61;1;0;1;
15;3556;3;29;1;A32;A73;A152;A40;A65;1;0;1;0,879306555
24;2397;3;35;2;A32;A75;A152;A43;A63;1;0;0;
6;454;3;22;1;A32;A72;A152;A45;A61;1;0;1;0,888432682
30;1715;4;26;1;A32;A73;A152;A43;A65;1;1;1;0,643806756
27;2520;4;23;2;A34;A73;A152;A43;A63;1;0;0;
15;3568;4;54;1;A32;A75;A151;A43;A61;1;1;1;
42;7166;2;29;1;A32;A74;A151;A43;A65;0;0;1;0,524340391
11;3939;1;40;2;A34;A73;A152;A40;A61;1;0;1;
15;1514;4;22;1;A32;A73;A152;A45;A62;1;0;1;
24;7393;1;43;1;A32;A73;A152;A40;A61;0;0;1;
24;1193;1;29;2;A31;A71;A151;A40;A61;1;1;0;
60;7297;4;36;1;A32;A75;A151;A49;A61;0;0;0;0,291330278
30;2831;4;33;1;A34;A73;A152;A43;A61;1;1;1;0,863733768
24;1258;3;57;1;A32;A73;A152;A43;A63;1;1;1;
6;753;2;64;1;A32;A73;A152;A43;A61;1;1;1;
18;2427;4;42;2;A33;A75;A152;A49;A65;1;0;1;
24;2538;4;47;2;A33;A75;A152;A40;A61;1;0;0;0,718235195
15;1264;2;25;1;A31;A73;A151;A40;A62;1;0;0;
30;8386;2;49;1;A34;A74;A152;A42;A61;0;0;0;
48;4844;3;33;1;A32;A71;A151;A49;A61;1;0;0;
21;2923;1;28;1;A32;A73;A152;A40;A62;1;1;1;
36;8229;2;26;1;A32;A73;A152;A41;A61;0;0;0;
24;2028;2;30;2;A34;A74;A152;A42;A61;1;0;1;
15;1433;4;25;2;A34;A73;A151;A42;A61;1;1;1;0,841657221
42;6289;2;33;2;A30;A72;A152;A49;A61;0;0;1;0,723840117
13;1409;2;64;1;A32;A71;A152;A43;A62;1;1;1;0,784117103
24;6579;4;29;1;A32;A71;A153;A41;A61;0;0;1;
24;1743;4;48;2;A34;A75;A152;A43;A61;1;0;1;
12;3565;2;37;2;A34;A72;A152;A46;A65;1;0;1;0,916318297
15;1569;4;34;1;A31;A75;A152;A43;A62;1;0;1;
18;1936;2;23;2;A32;A74;A151;A43;A65;1;0;1;
36;3959;4;30;1;A32;A71;A152;A42;A61;1;0;1;0,26344043
12;2390;4;50;1;A32;A75;A152;A40;A65;1;0;1;
12;1736;3;31;1;A32;A74;A152;A42;A61;1;1;1;
30;3857;4;40;1;A32;A73;A152;A41;A61;1;0;1;
12;804;4;38;1;A32;A75;A152;A43;A61;1;0;1;
45;1845;4;23;1;A32;A73;A153;A43;A61;1;0;0;0,083526202
45;4576;3;27;1;A34;A71;A152;A41;A62;1;0;1;
6;932;3;24;1;A33;A73;A152;A43;A61;1;1;1;
12;1484;2;25;1;A32;A73;A152;A43;A65;1;0;0;
24;5804;4;27;2;A34;A73;A152;A41;A64;0;0;1;
18;2662;4;32;1;A32;A74;A152;A40;A65;1;0;1;
18;6458;2;39;2;A31;A75;A152;A40;A61;0;0;0;0,124478057
7;730;4;46;2;A34;A75;A151;A43;A65;1;0;1;
12;1123;4;29;1;A32;A73;A151;A42;A63;1;1;0;0,477380544
9;2134;4;48;3;A34;A73;A152;A40;A61;1;0;1;
18;1808;4;22;1;A33;A74;A152;A42;A61;1;1;0;
24;3868;4;41;2;A34;A75;A151;A41;A61;1;1;1;
24;1659;4;29;1;A33;A72;A151;A43;A61;1;1;0;
36;3342;4;51;1;A34;A75;A152;A43;A65;1;0;1;
24;6615;2;75;2;A34;A71;A153;A41;A61;0;0;1;
6;343;4;27;1;A32;A72;A152;A44;A61;1;1;1;0,960899532
36;12612;1;47;1;A32;A73;A153;A46;A62;0;0;0;
10;2146;1;23;2;A34;A72;A151;A42;A61;1;1;1;
20;7057;3;36;2;A33;A74;A151;A41;A65;0;0;1;
6;1343;1;46;2;A34;A75;A152;A40;A61;1;0;1;
6;1050;4;35;2;A33;A71;A152;A42;A61;1;0;1;
48;8487;1;24;1;A32;A74;A152;A40;A65;0;1;1;
12;900;4;23;1;A32;A73;A152;A40;A65;1;0;0;
8;1237;3;24;1;A32;A73;A152;A42;A61;1;1;0;
12;1655;2;63;2;A34;A75;A152;A43;A61;1;0;1;0,960467279
18;4439;1;33;1;A32;A75;A152;A49;A61;1;0;1;
27;8318;2;42;2;A30;A75;A153;A49;A61;0;1;0;
10;1597;3;40;1;A32;A73;A151;A40;A63;1;0;1;
36;9271;2;24;1;A32;A74;A152;A40;A61;0;0;0;
18;2238;2;25;2;A34;A73;A152;A43;A61;1;1;1;0,847332835
48;3844;4;34;1;A30;A74;A153;A49;A62;1;0;0;
24;1231;4;57;2;A34;A75;A151;A43;A64;1;1;1;
18;2404;2;26;2;A34;A73;A152;A43;A61;1;1;1;
24;2872;3;36;1;A34;A75;A152;A43;A62;1;0;1;
18;4594;3;32;1;A32;A72;A152;A43;A61;1;0;1;
12;685;2;25;1;A32;A74;A152;A40;A61;1;0;0;0,282174885
6;2647;2;44;1;A32;A73;A151;A43;A63;1;0;1;0,941178501
30;2150;4;24;1;A32;A73;A152;A40;A61;1;1;0;
12;1274;3;37;1;A32;A72;A152;A40;A61;1;1;0;0,274468839
10;894;4;40;1;A32;A74;A152;A48;A65;1;1;1;0,971372187
24;2964;4;49;1;A32;A75;A153;A41;A65;1;0;1;
18;1245;4;33;1;A34;A73;A152;A43;A61;1;0;0;
18;1961;3;23;1;A32;A75;A152;A40;A61;1;1;1;
12;759;4;26;1;A32;A74;A152;A40;A61;1;0;0;0,107601926
12;2279;4;37;1;A32;A73;A153;A43;A65;1;0;1;
18;3114;1;26;1;A30;A72;A151;A42;A61;1;1;0;
15;1905;4;40;1;A32;A75;A151;A46;A61;1;0;1;
24;1258;3;57;1;A32;A73;A152;A43;A63;1;1;1;
12;1410;2;31;1;A30;A73;A152;A48;A61;1;0;1;
18;3244;1;33;2;A30;A73;A152;A42;A61;1;1;1;
9;1154;2;37;3;A34;A75;A152;A43;A61;1;0;1;
10;1347;4;27;2;A34;A74;A152;A43;A65;1;0;1;
9;1154;2;37;3;A34;A75;A152;A43;A61;1;0;1;
6;683;2;29;1;A33;A72;A152;A43;A61;1;1;1;
11;1322;4;40;2;A34;A73;A152;A40;A64;1;1;1;0,966035187
12;1372;2;36;1;A32;A74;A152;A40;A61;1;0;0;0,438661784
12;1185;3;27;2;A34;A73;A152;A49;A61;1;1;1;0,968752742
18;1216;4;23;1;A32;A72;A151;A40;A61;1;1;0;0,084023997
24;1207;4;24;1;A32;A72;A151;A40;A61;1;1;0;
48;8487;1;24;1;A32;A74;A152;A40;A65;0;1;1;
12;1163;4;44;1;A34;A73;A152;A40;A63;1;0;1;
36;15857;2;43;1;A32;A71;A152;A410;A61;0;0;1;
30;4583;2;32;2;A30;A73;A152;A42;A61;1;0;1;
9;2134;4;48;3;A34;A73;A152;A40;A61;1;0;1;
36;5179;4;29;1;A32;A74;A152;A42;A61;1;0;0;
18;1131;4;33;1;A32;A71;A152;A42;A61;1;1;0;0,094564855
48;3060;4;28;2;A32;A74;A152;A43;A61;1;0;0;
18;7374;4;40;2;A34;A71;A152;A42;A61;0;0;1;
7;2329;1;45;1;A32;A72;A152;A43;A61;1;1;1;
36;2746;4;31;1;A31;A75;A152;A42;A61;1;0;0;
24;1199;4;60;2;A34;A75;A152;A40;A61;1;0;0;0,692379713
6;1595;3;51;1;A32;A74;A152;A43;A61;1;0;1;
36;3535;4;37;2;A34;A74;A152;A40;A61;1;0;1;
15;1459;4;43;1;A34;A73;A152;A43;A61;1;1;1;
24;4712;4;37;2;A33;A73;A152;A49;A65;1;0;1;
12;1592;3;35;1;A34;A74;A152;A42;A64;1;1;1;
10;1521;4;31;1;A32;A73;A152;A42;A61;1;0;1;
12;1409;4;54;1;A34;A75;A152;A41;A61;1;0;1;0,976299584
18;3850;3;27;2;A34;A74;A152;A41;A61;1;0;1;
24;1231;4;57;2;A34;A75;A151;A43;A64;1;1;1;
24;4817;2;31;1;A32;A74;A152;A40;A61;1;0;0;0,261711866
18;1149;4;46;2;A34;A73;A152;A43;A64;1;0;1;
24;1413;4;28;1;A32;A73;A152;A43;A61;1;0;1;0,880072951
24;1371;4;25;1;A32;A73;A151;A40;A65;1;1;0;
24;929;4;31;1;A32;A74;A152;A42;A65;1;0;1;
12;1474;4;33;1;A32;A72;A152;A42;A61;1;1;1;0,597397447
30;10623;3;38;3;A34;A75;A153;A41;A61;0;0;1;0,784793258
24;5943;1;44;2;A32;A72;A152;A43;A65;0;1;0;0,424075305
9;1670;4;22;1;A32;A72;A152;A43;A61;1;1;0;
24;1546;4;24;1;A31;A74;A151;A43;A61;1;0;0;
6;1343;1;46;2;A34;A75;A152;A40;A61;1;0;1;
18;7374;4;40;2;A34;A71;A152;A42;A61;0;0;1;0,842383564
48;5951;2;22;1;A32;A73;A152;A43;A61;0;1;0;
9;1449;3;27;2;A32;A74;A152;A49;A61;1;1;1;0,806962371
24;1553;3;23;2;A33;A74;A151;A43;A62;1;1;1;
24;11938;2;39;2;A34;A73;A152;A410;A61;0;0;0;
36;8065;3;25;2;A34;A73;A152;A46;A61;0;1;0;
12;3016;3;24;1;A32;A73;A152;A43;A61;1;0;1;
39;2569;4;24;1;A32;A73;A152;A41;A63;1;0;1;0,932114482
24;1377;4;47;1;A32;A75;A153;A43;A62;1;1;1;
18;1887;4;28;2;A34;A73;A152;A49;A65;1;0;1;
24;1275;2;36;2;A34;A73;A152;A49;A64;1;0;1;
12;1331;2;22;1;A32;A72;A152;A43;A61;1;0;0;0,335771143
18;1055;4;30;2;A34;A72;A152;A40;A61;1;1;1;
12;1168;4;27;1;A32;A73;A152;A40;A61;1;0;1;
9;1154;2;37;3;A34;A75;A152;A43;A61;1;0;1;0,972965419
12;1736;3;31;1;A32;A74;A152;A42;A61;1;1;1;
24;999;4;25;2;A32;A75;A152;A43;A65;1;0;1;0,866512418
24;2439;4;35;1;A32;A72;A152;A43;A61;1;1;0;0,936992586
36;7432;2;54;1;A33;A73;A151;A40;A61;0;1;1;0,899432063
18;2662;4;32;1;A32;A74;A152;A40;A65;1;0;1;
24;2679;4;29;1;A32;A72;A152;A41;A61;1;1;1;
15;1721;2;36;1;A32;A72;A152;A40;A61;1;0;1;
15;1316;2;47;2;A34;A73;A152;A43;A63;1;0;1;0,961931884
12;2251;1;46;1;A32;A73;A152;A42;A61;1;1;1;
48;6331;4;46;2;A34;A75;A153;A41;A61;0;0;0;
48;9960;1;26;1;A32;A72;A152;A42;A61;0;1;0;
27;2570;3;21;1;A32;A73;A151;A40;A61;1;1;0;
20;6148;3;31;2;A30;A75;A152;A41;A62;0;0;1;0,935783744
21;5248;1;26;1;A32;A73;A152;A41;A65;1;0;1;
15;1275;4;24;1;A32;A73;A151;A44;A65;1;1;0;0,206748113
9;1422;3;27;1;A32;A72;A153;A40;A61;1;0;0;
12;1262;3;25;1;A32;A73;A152;A43;A61;1;0;1;0,909533262
24;6313;3;41;1;A32;A75;A152;A41;A65;0;0;1;
48;12749;4;37;1;A33;A74;A152;A43;A63;0;0;1;
18;3104;3;31;1;A30;A74;A152;A49;A61;1;0;1;
21;12680;4;30;1;A34;A75;A153;A40;A65;0;0;0;
16;1175;2;68;3;A34;A71;A153;A40;A61;1;0;1;
6;362;4;52;2;A34;A73;A152;A40;A62;1;1;1;
6;1237;1;27;2;A34;A73;A152;A43;A62;1;1;1;
30;2333;4;30;1;A32;A75;A152;A43;A63;1;0;1;
9;1288;3;48;2;A34;A75;A152;A45;A62;1;0;1;
15;1403;2;28;1;A32;A73;A151;A40;A61;1;1;1;
36;9629;4;24;2;A34;A74;A152;A41;A61;0;0;0;0,306406289
24;3181;4;26;1;A32;A72;A152;A43;A61;1;1;1;0,854411066
10;894;4;40;1;A32;A74;A152;A48;A65;1;1;1;
24;2957;4;63;2;A34;A75;A152;A41;A61;1;0;1;0,983343542
24;5507;3;44;2;A34;A75;A153;A45;A61;0;0;1;
18;4439;1;33;1;A32;A75;A152;A49;A61;1;0;1;
12;1860;4;34;2;A34;A71;A152;A41;A61;1;0;1;0,645951986
12;1386;2;26;1;A32;A73;A152;A40;A63;1;1;0;
6;448;4;23;1;A32;A72;A152;A46;A61;1;1;0;
36;1953;4;61;1;A30;A75;A153;A49;A61;1;0;0;
15;2728;4;35;3;A34;A74;A152;A43;A65;1;0;1;
18;1301;4;32;1;A32;A75;A152;A43;A61;1;0;1;
21;1572;4;36;1;A32;A75;A152;A49;A64;1;1;1;
12;983;1;19;1;A32;A72;A151;A42;A64;1;1;1;
21;2580;4;41;1;A33;A72;A152;A49;A63;1;0;0;
21;2782;1;31;1;A32;A74;A152;A40;A63;1;1;1;
12;1092;4;49;2;A32;A73;A152;A43;A61;1;1;1;
36;14318;4;57;1;A32;A75;A153;A40;A61;0;0;0;
21;3275;1;36;1;A34;A75;A152;A41;A61;1;0;1;
6;3518;2;26;1;A32;A73;A151;A40;A61;1;0;1;
36;4210;4;26;1;A32;A73;A152;A43;A61;1;0;0;
30;2333;4;30;1;A32;A75;A152;A43;A63;1;0;1;
12;409;3;42;2;A31;A73;A151;A43;A64;1;1;1;
60;10144;2;21;1;A32;A74;A152;A43;A62;0;1;1;
9;936;4;52;2;A34;A75;A152;A46;A63;1;0;1;
24;2611;4;46;2;A34;A75;A152;A43;A61;1;0;1;
18;3872;2;67;1;A32;A71;A152;A45;A61;1;1;1;
12;1344;4;43;2;A33;A73;A152;A40;A61;1;0;1;
18;5866;2;30;2;A32;A73;A152;A40;A62;0;0;1;
6;1352;1;23;1;A32;A71;A151;A41;A63;1;1;1;0,946867108
9;1126;2;49;1;A32;A75;A152;A43;A62;1;0;1;
24;2197;4;43;2;A34;A74;A152;A41;A65;1;0;1;
15;806;4;22;1;A32;A73;A152;A49;A61;1;1;1;
18;1882;4;25;2;A32;A73;A151;A43;A61;1;1;0;0,182189211
12;7472;1;24;1;A32;A71;A151;A40;A65;0;1;1;
36;2337;4;36;1;A34;A75;A152;A43;A61;1;0;1;
24;5103;3;47;3;A34;A72;A153;A43;A61;1;0;1;
6;1343;1;46;2;A34;A75;A152;A40;A61;1;0;1;
6;250;2;41;2;A34;A73;A152;A40;A64;1;1;1;
42;6289;2;33;2;A30;A72;A152;A49;A61;0;0;1;
24;2022;4;37;1;A34;A73;A152;A40;A61;1;1;1;
6;1740;2;30;2;A34;A75;A151;A43;A61;1;0;1;
6;6761;1;45;2;A34;A74;A152;A40;A61;0;0;1;0,948189318
21;3357;4;29;1;A32;A72;A152;A43;A64;1;1;1;
24;929;4;31;1;A32;A74;A152;A42;A65;1;0;1;
15;1721;2;36;1;A32;A72;A152;A40;A61;1;0;1;
15;4623;3;40;1;A32;A73;A152;A46;A62;1;0;0;
12;3617;1;28;3;A34;A75;A151;A42;A61;1;0;1;0,942604542
24;4870;3;53;2;A33;A73;A153;A40;A61;1;0;0;0,188099489
36;3913;2;23;1;A32;A73;A152;A43;A61;1;0;1;
9;1126;2;49;1;A32;A75;A152;A43;A62;1;0;1;
30;3108;2;31;1;A32;A72;A152;A42;A61;1;0;0;0,386313975
36;2348;3;46;2;A34;A73;A152;A42;A61;1;0;1;
36;7678;2;40;2;A33;A74;A152;A42;A63;0;1;1;
24;3062;4;32;1;A32;A75;A151;A42;A63;1;0;1;0,84779942
36;3249;2;39;1;A32;A74;A153;A40;A61;1;0;1;
12;1935;4;43;3;A34;A75;A152;A42;A61;1;0;1;
15;1403;2;28;1;A32;A73;A151;A40;A61;1;1;1;
15;3343;4;28;1;A34;A73;A153;A42;A61;1;0;1;
12;1995;4;27;1;A34;A72;A152;A40;A62;1;0;1;0,649038613
15;1829;4;46;2;A34;A75;A152;A43;A61;1;0;1;
36;3620;1;37;1;A32;A73;A152;A42;A61;1;0;1;
15;975;2;25;2;A34;A73;A152;A42;A61;1;0;1;0,940749288
9;1082;4;27;2;A32;A75;A152;A43;A61;1;0;1;
27;4526;4;32;2;A34;A72;A152;A42;A64;1;0;1;
21;3160;4;41;1;A32;A75;A152;A43;A65;1;0;1;0,957008719
24;915;4;29;1;A32;A75;A152;A40;A65;1;1;0;
36;12389;1;37;1;A32;A73;A153;A40;A65;0;0;0;0,456698298
54;15945;3;58;1;A30;A72;A151;A49;A61;0;0;0;
18;4153;2;42;1;A32;A73;A152;A42;A61;1;0;0;
24;2603;2;28;1;A32;A73;A151;A41;A64;1;1;1;
12;1163;4;44;1;A34;A73;A152;A40;A63;1;0;1;
24;2197;4;43;2;A34;A74;A152;A41;A65;1;0;1;
36;4210;4;26;1;A32;A73;A152;A43;A61;1;0;0;
21;5248;1;26;1;A32;A73;A152;A41;A65;1;0;1;
24;2346;4;35;2;A34;A74;A152;A41;A61;1;0;1;0,981796086
15;950;4;33;2;A30;A75;A151;A40;A61;1;0;0;
12;1534;1;23;1;A32;A72;A151;A43;A61;1;0;0;
45;4746;4;25;2;A34;A72;A152;A43;A61;1;0;0;
18;1113;4;26;1;A32;A73;A152;A43;A61;1;1;1;
6;1898;1;34;2;A34;A73;A152;A43;A65;1;0;1;
24;2957;4;63;2;A34;A75;A152;A41;A61;1;0;1;
18;1800;4;24;2;A34;A73;A152;A43;A61;1;0;1;
48;4605;3;24;2;A30;A75;A153;A41;A61;1;0;0;
12;1412;4;29;2;A34;A73;A152;A49;A61;1;1;1;
9;2301;2;22;1;A32;A72;A151;A42;A62;1;1;1;
24;1927;3;33;2;A34;A73;A152;A46;A65;1;1;1;
12;2279;4;37;1;A32;A73;A153;A43;A65;1;0;1;
18;2278;3;28;2;A30;A72;A152;A40;A62;1;1;0;
15;806;4;22;1;A32;A73;A152;A49;A61;1;1;1;
24;4113;3;28;1;A32;A72;A151;A41;A63;1;1;0;0,261766165
36;7980;4;27;2;A33;A72;A151;A49;A65;0;0;0;
9;2301;2;22;1;A32;A72;A151;A42;A62;1;1;1;0,784474075
12;409;3;42;2;A31;A73;A151;A43;A64;1;1;1;
12;640;4;49;1;A32;A73;A152;A40;A61;1;0;1;0,797895312
12;1331;2;22;1;A32;A72;A152;A43;A61;1;0;0;
10;1521;4;31;1;A32;A73;A152;A42;A61;1;0;1;
12;1258;2;22;2;A34;A72;A151;A42;A61;1;1;1;
9;1154;2;37;3;A34;A75;A152;A43;A61;1;0;1;0,972965419
24;6615;2;75;2;A34;A71;A153;A41;A61;0;0;1;
42;4370;3;26;2;A33;A74;A152;A43;A61;1;0;0;0,11918395
10;1309;4;27;1;A32;A73;A152;A40;A65;1;0;0;
24;3758;1;23;1;A32;A71;A151;A43;A63;1;1;1;0,867527485
9;654;4;28;1;A32;A73;A152;A40;A61;1;0;0;
36;4210;4;26;1;A32;A73;A152;A43;A61;1;0;0;
18;3244;1;33;2;A30;A73;A152;A42;A61;1;1;1;
15;4657;3;30;1;A32;A73;A152;A41;A61;1;0;1;0,92738682
30;4272;2;26;2;A33;A73;A152;A49;A62;1;0;1;
18;2320;2;34;2;A33;A71;A152;A43;A61;1;0;1;
18;1445;4;49;1;A31;A74;A152;A43;A65;1;0;1;0,876302302
9;1154;2;37;3;A34;A75;A152;A43;A61;1;0;1;
15;1444;4;23;1;A32;A72;A152;A43;A65;1;0;1;0,904608488
9;1437;2;29;1;A31;A74;A152;A40;A62;1;0;0;
24;1193;1;29;2;A31;A71;A151;A40;A61;1;1;0;0,068324529
39;14179;4;30;2;A34;A74;A152;A42;A65;0;0;1;0,415342033
15;3812;1;23;1;A32;A72;A152;A41;A62;1;1;1;
12;776;4;28;1;A32;A73;A152;A43;A61;1;0;1;
9;2118;2;37;1;A32;A73;A152;A43;A61;1;0;1;
24;2679;4;29;1;A32;A72;A152;A41;A61;1;1;1;
24;1967;4;20;1;A32;A75;A152;A43;A61;1;1;1;
24;947;4;38;1;A32;A74;A153;A40;A61;1;0;0;0,215628535
24;4351;1;48;1;A32;A73;A152;A42;A65;1;1;1;
24;5150;4;33;1;A34;A75;A152;A42;A61;1;0;1;
15;4657;3;30;1;A32;A73;A152;A41;A61;1;0;1;
36;15857;2;43;1;A32;A71;A152;A410;A61;0;0;1;
18;866;4;25;1;A32;A73;A152;A43;A61;1;0;1;
24;5103;3;47;3;A34;A72;A153;A43;A61;1;0;1;
6;1050;4;35;2;A33;A71;A152;A42;A61;1;0;1;0,974481881
30;2831;4;33;1;A34;A73;A152;A43;A61;1;1;1;0,863733768
18;3966;1;33;3;A34;A75;A151;A40;A61;1;1;0;
60;13756;2;63;1;A34;A75;A153;A40;A65;0;0;1;
36;5742;2;31;2;A32;A74;A152;A49;A62;0;0;1;
36;2671;4;50;1;A32;A73;A153;A43;A62;1;1;0;
6;448;4;23;1;A32;A72;A152;A46;A61;1;1;0;
12;2141;3;35;1;A32;A74;A152;A43;A62;1;0;1;0,979545236
15;2631;3;25;1;A32;A73;A152;A45;A62;1;1;1;
18;6260;3;28;1;A32;A74;A151;A40;A61;0;0;1;
48;6681;4;38;1;A33;A73;A153;A49;A65;0;0;1;
36;9034;4;29;1;A32;A72;A151;A42;A62;0;0;0;
12;1620;2;30;1;A32;A73;A152;A42;A61;1;1;1;
36;12389;1;37;1;A32;A73;A153;A40;A65;0;0;0;0,456698298
24;1533;4;38;1;A32;A72;A152;A43;A61;1;1;1;0,818525255
39;8588;4;45;1;A32;A75;A152;A41;A62;0;0;1;0,868229985
6;590;3;26;1;A32;A72;A152;A43;A61;1;0;1;0,943351269
18;2238;2;25;2;A34;A73;A152;A43;A61;1;1;1;
18;1126;4;21;1;A32;A72;A151;A43;A65;1;1;1;
18;6260;3;28;1;A32;A74;A151;A40;A61;0;0;1;
21;3357;4;29;1;A32;A72;A152;A43;A64;1;1;1;0,97032541
18;2600;4;65;2;A32;A73;A153;A43;A61;1;0;0;
36;2145;2;24;2;A33;A74;A152;A49;A61;1;0;0;
24;5943;1;44;2;A32;A72;A152;A43;A65;0;1;0;
18;1800;4;24;2;A34;A73;A152;A43;A61;1;0;1;
18;6260;3;28;1;A32;A74;A151;A40;A61;0;0;1;0,832494736
48;5951;2;22;1;A32;A73;A152;A43;A61;0;1;0;0,111268774
15;1308;4;38;2;A32;A75;A152;A45;A61;1;0;1;
10;1364;2;64;1;A32;A73;A152;A40;A61;1;1;1;
24;1553;3;23;2;A33;A74;A151;A43;A62;1;1;1;
36;10875;2;45;2;A33;A75;A152;A40;A61;0;0;1;
30;3857;4;40;1;A32;A73;A152;A41;A61;1;0;1;0,932908297
36;3990;3;29;1;A31;A72;A152;A44;A65;1;1;1;0,85605222
15;4657;3;30;1;A32;A73;A152;A41;A61;1;0;1;
30;4272;2;26;2;A33;A73;A152;A49;A62;1;0;1;0,858043849
24;8648;2;27;2;A33;A72;A152;A49;A61;0;0;0;0,321617991
60;15653;2;21;2;A33;A74;A152;A43;A61;0;0;1;
12;3499;3;29;2;A34;A73;A152;A40;A61;1;1;0;
12;1262;3;25;1;A32;A73;A152;A43;A61;1;0;1;
24;5103;3;47;3;A34;A72;A153;A43;A61;1;0;1;
24;1275;2;36;2;A34;A73;A152;A49;A64;1;0;1;
36;5742;2;31;2;A32;A74;A152;A49;A62;0;0;1;
9;2118;2;37;1;A32;A73;A152;A43;A61;1;0;1;
36;5842;2;35;2;A34;A75;A152;A41;A61;0;0;1;0,956956506
12;717;4;52;3;A34;A75;A152;A43;A61;1;0;1;
12;1082;4;48;2;A30;A73;A152;A40;A61;1;0;0;
42;3394;4;65;2;A34;A71;A152;A45;A61;1;0;1;
27;5117;3;26;2;A33;A74;A152;A49;A61;1;0;1;
24;3777;4;50;1;A34;A73;A152;A42;A64;1;0;1;
12;1768;3;24;1;A32;A73;A151;A42;A61;1;0;1;0,629741669
18;1473;3;39;1;A32;A72;A152;A43;A61;1;0;1;
30;3108;2;31;1;A32;A72;A152;A42;A61;1;0;0;
42;4796;4;56;1;A34;A75;A153;A41;A61;1;0;1;0,886510074
24;1901;4;29;1;A32;A73;A151;A43;A62;1;0;1;
12;886;4;21;1;A32;A73;A152;A43;A65;1;1;1;
18;1098;4;65;2;A34;A71;A152;A43;A61;1;1;1;0,929210961
15;1300;4;45;1;A32;A75;A153;A41;A65;1;0;1;0,851063669
12;951;4;27;4;A32;A72;A151;A42;A62;1;1;0;
48;4844;3;33;1;A32;A71;A151;A49;A61;1;0;0;
21;3763;2;24;1;A32;A74;A152;A40;A65;1;0;1;
12;759;4;26;1;A32;A74;A152;A40;A61;1;0;0;
18;976;1;23;1;A32;A72;A152;A40;A61;1;1;0;0,345421046
18;2462;2;22;1;A32;A73;A152;A42;A61;1;0;0;
18;2051;4;33;1;A32;A72;A152;A43;A61;1;0;1;
9;936;4;52;2;A34;A75;A152;A46;A63;1;0;1;
10;781;4;63;2;A34;A75;A153;A40;A61;1;0;1;0,803868234
9;5129;2;74;1;A31;A75;A153;A41;A61;0;1;0;0,124638312
8;3398;1;39;2;A34;A74;A152;A40;A61;1;0;1;
12;754;4;38;2;A32;A75;A152;A48;A65;1;0;1;0,797002196
6;1743;1;34;2;A33;A73;A152;A49;A62;1;0;1;
24;2812;2;26;1;A32;A75;A151;A41;A65;1;1;1;
18;6361;2;41;1;A34;A75;A152;A42;A61;0;0;1;
21;12680;4;30;1;A34;A75;A153;A40;A65;0;0;0;0,168023735
12;1893;4;29;1;A32;A73;A152;A40;A61;1;1;1;
9;1670;4;22;1;A32;A72;A152;A43;A61;1;1;0;
24;8648;2;27;2;A33;A72;A152;A49;A61;0;0;0;0,321617991
15;1459;4;43;1;A34;A73;A152;A43;A61;1;1;1;0,879472017
15;3556;3;29;1;A32;A73;A152;A40;A65;1;0;1;0,879306555
12;759;4;26;1;A32;A74;A152;A40;A61;1;0;0;
6;860;1;39;2;A34;A75;A152;A40;A61;1;1;1;
12;682;4;51;2;A34;A74;A152;A40;A62;1;1;1;
27;4526;4;32;2;A34;A72;A152;A42;A64;1;0;1;
18;629;4;32;2;A34;A75;A152;A43;A63;1;0;1;
18;1345;4;26;1;A32;A73;A152;A43;A61;1;0;0;
10;1418;3;35;1;A32;A73;A151;A40;A62;1;0;1;
30;1867;4;58;1;A32;A75;A152;A43;A65;1;0;1;
30;1919;4;30;2;A33;A72;A152;A43;A62;1;0;0;
42;4370;3;26;2;A33;A74;A152;A43;A61;1;0;0;0,11918395
12;996;4;23;2;A34;A74;A152;A45;A65;1;1;1;
15;1275;4;24;1;A32;A73;A151;A44;A65;1;1;0;
6;1343;1;46;2;A34;A75;A152;A40;A61;1;0;1;
18;750;4;27;1;A32;A71;A152;A46;A61;1;1;0;
36;5711;4;38;2;A34;A75;A152;A41;A64;0;0;1;0,977710307
13;1409;2;64;1;A32;A71;A152;A43;A62;1;1;1;
24;4113;3;28;1;A32;A72;A151;A41;A63;1;1;0;
9;654;4;28;1;A32;A73;A152;A40;A61;1;0;0;
48;8358;1;30;2;A30;A72;A152;A40;A63;0;1;1;
6;1346;2;42;1;A32;A75;A153;A43;A62;1;0;1;
24;1381;4;35;1;A32;A73;A152;A40;A65;1;1;0;0,119753689
24;1743;4;48;2;A34;A75;A152;A43;A61;1;0;1;0,972779214
10;1287;4;45;1;A32;A75;A152;A40;A65;1;0;1;
12;741;4;22;1;A32;A71;A152;A44;A62;1;1;0;0,275957972
18;5302;2;36;3;A34;A75;A153;A40;A61;1;0;1;
21;12680;4;30;1;A34;A75;A153;A40;A65;0;0;0;
18;2462;2;22;1;A32;A73;A152;A42;A61;1;0;0;
15;1459;4;43;1;A34;A73;A152;A43;A61;1;1;1;
12;1858;4;22;1;A32;A72;A151;A42;A61;1;1;1;0,576352775
30;5954;3;38;1;A34;A74;A152;A43;A61;0;0;1;
24;7814;3;38;1;A32;A74;A152;A41;A61;0;0;1;
48;5951;2;22;1;A32;A73;A152;A43;A61;0;1;0;
21;2606;4;28;1;A32;A72;A151;A43;A61;1;1;1;
10;1038;4;49;2;A34;A74;A152;A40;A61;1;0;1;
24;4151;2;35;2;A33;A73;A152;A42;A62;1;0;1;0,929846466
12;1922;4;37;1;A32;A73;A152;A42;A61;1;0;0;
12;2759;2;34;2;A30;A75;A152;A42;A61;1;0;1;
48;6110;1;31;1;A34;A73;A153;A46;A61;0;0;1;
6;1898;1;34;2;A34;A73;A152;A43;A65;1;0;1;
12;3059;2;61;1;A32;A74;A152;A43;A64;1;0;1;
12;2141;3;35;1;A32;A74;A152;A43;A62;1;0;1;
36;2337;4;36;1;A34;A75;A152;A43;A61;1;0;1;
30;4221;2;28;2;A30;A73;A152;A49;A61;1;1;1;0,82243216
36;7432;2;54;1;A33;A73;A151;A40;A61;0;1;1;0,899432063
12;1424;4;26;1;A34;A74;A152;A44;A61;1;0;1;
48;8487;1;24;1;A32;A74;A152;A40;A65;0;1;1;0,888463914
14;802;4;27;2;A33;A73;A152;A40;A61;1;0;1;
10;1924;1;38;1;A32;A73;A152;A43;A61;1;0;1;0,954773128
18;3378;2;31;1;A32;A73;A152;A41;A65;1;0;1;0,984921753
12;2366;3;36;1;A34;A74;A152;A40;A63;1;0;1;0,977775395
60;10366;2;42;1;A32;A75;A152;A40;A61;0;0;1;
24;3345;4;39;1;A32;A75;A151;A42;A61;1;0;0;
9;1437;2;29;1;A31;A74;A152;A40;A62;1;0;0;
9;2799;2;36;2;A34;A73;A151;A40;A61;1;0;1;0,960585296
18;2600;4;65;2;A32;A73;A153;A43;A61;1;0;0;
15;3568;4;54;1;A32;A75;A151;A43;A61;1;1;1;0,906729698
18;1042;4;33;1;A32;A73;A152;A40;A65;1;1;0;
12;2028;4;30;1;A32;A73;A152;A41;A65;1;0;1;
9;1919;4;35;1;A34;A74;A151;A42;A61;1;0;1;0,906880677
24;4042;3;43;2;A34;A74;A152;A41;A65;1;0;1;0,985554218
24;4151;2;35;2;A33;A73;A152;A42;A62;1;0;1;
48;10961;1;27;2;A32;A74;A152;A43;A64;0;0;0;
15;392;4;23;1;A32;A72;A151;A46;A61;1;1;1;
39;8588;4;45;1;A32;A75;A152;A41;A62;0;0;1;
9;654;4;28;1;A32;A73;A152;A40;A61;1;0;0;
36;2337;4;36;1;A34;A75;A152;A43;A61;1;0;1;
36;5848;4;24;1;A32;A73;A152;A43;A61;0;0;1;
24;5804;4;27;2;A34;A73;A152;A41;A64;0;0;1;
11;2142;1;28;1;A32;A75;A152;A49;A64;1;0;1;
36;8947;3;31;1;A33;A74;A152;A41;A65;0;0;1;
36;3595;4;28;1;A32;A75;A152;A43;A61;1;0;1;
15;1275;4;24;1;A32;A73;A151;A44;A65;1;1;0;0,206748113
15;5324;1;35;1;A32;A75;A153;A40;A63;0;1;1;
12;3016;3;24;1;A32;A73;A152;A43;A61;1;0;1;
15;1262;4;36;2;A32;A74;A152;A44;A63;1;0;1;
20;6148;3;31;2;A30;A75;A152;A41;A62;0;0;1;
30;3656;4;49;2;A34;A75;A152;A43;A65;1;0;1;0,981733561
6;1538;1;56;1;A32;A72;A152;A46;A61;1;1;1;
12;1736;3;31;1;A32;A74;A152;A42;A61;1;1;1;0,893181205
24;2872;3;36;1;A34;A75;A152;A43;A62;1;0;1;
24;937;4;27;2;A32;A72;A152;A48;A61;1;0;1;
24;1597;4;54;2;A34;A75;A153;A46;A61;1;0;1;
36;2348;3;46;2;A34;A73;A152;A42;A61;1;0;1;
18;2404;2;26;2;A34;A73;A152;A43;A61;1;1;1;0,954607546
36;7432;2;54;1;A33;A73;A151;A40;A61;0;1;1;
48;18424;1;32;1;A30;A73;A152;A410;A61;0;1;0;
24;1216;4;38;2;A34;A72;A152;A43;A62;1;0;0;
36;8947;3;31;1;A33;A74;A152;A41;A65;0;0;1;0,950282812
12;983;1;19;1;A32;A72;A151;A42;A64;1;1;1;
60;10144;2;21;1;A32;A74;A152;A43;A62;0;1;1;0,752464831
45;3031;4;21;1;A32;A73;A151;A43;A62;1;0;0;
18;1473;3;39;1;A32;A72;A152;A43;A61;1;0;1;
42;4370;3;26;2;A33;A74;A152;A43;A61;1;0;0;
18;5866;2;30;2;A32;A73;A152;A40;A62;0;0;1;
36;2862;4;30;1;A33;A75;A153;A40;A62;1;0;1;
18;4594;3;32;1;A32;A72;A152;A43;A61;1;0;1;0,83574748
12;1893;4;29;1;A32;A73;A152;A40;A61;1;1;1;0,746706784
30;2181;4;36;2;A34;A75;A152;A40;A65;1;0;1;0,962932646
24;4679;3;35;2;A33;A74;A152;A41;A61;1;0;1;
60;14782;3;60;2;A31;A75;A153;A410;A62;0;1;0;0,09935461
6;2647;2;44;1;A32;A73;A151;A43;A63;1;0;1;
15;3029;2;33;1;A32;A74;A152;A41;A61;1;0;1;
30;3017;4;47;1;A34;A75;A152;A43;A61;1;0;1;
18;2100;4;37;1;A32;A73;A152;A43;A61;1;0;0;
24;3149;4;22;1;A32;A72;A153;A42;A61;1;0;1;0,814528286
18;2473;4;25;1;A32;A71;A152;A42;A61;1;0;0;
6;683;2;29;1;A33;A72;A152;A43;A61;1;1;1;
24;1287;4;37;2;A34;A75;A152;A40;A64;1;1;1;
24;1371;4;25;1;A32;A73;A151;A40;A65;1;1;0;
18;1445;4;49;1;A31;A74;A152;A43;A65;1;0;1;
6;426;4;39;1;A30;A75;A152;A43;A61;1;0;1;
36;2613;4;27;2;A30;A73;A152;A45;A61;1;0;1;
18;2404;2;26;2;A34;A73;A152;A43;A61;1;1;1;
12;1258;2;22;2;A34;A72;A151;A42;A61;1;1;1;0,90104419
18;2051;4;33;1;A32;A72;A152;A43;A61;1;0;1;0,833735347
15;1520;4;63;1;A34;A75;A152;A42;A65;1;0;1;
9;1422;3;27;1;A32;A72;A153;A40;A61;1;0;0;
24;3069;4;30;1;A32;A75;A153;A42;A62;1;0;1;0,843863249
12;3573;1;23;1;A34;A73;A152;A43;A61;1;1;1;0,951929986
12;2759;2;34;2;A30;A75;A152;A42;A61;1;0;1;0,888449073
36;8335;3;47;1;A32;A75;A153;A41;A65;0;0;0;0,217226058
36;7432;2;54;1;A33;A73;A151;A40;A61;0;1;1;
30;4221;2;28;2;A30;A73;A152;A49;A61;1;1;1;0,82243216
6;609;4;37;2;A34;A74;A152;A40;A61;1;1;1;
24;2022;4;37;1;A34;A73;A152;A40;A61;1;1;1;0,889165998
48;3844;4;34;1;A30;A74;A153;A49;A62;1;0;0;
11;7228;1;39;2;A34;A73;A152;A40;A61;0;0;1;
36;4686;2;32;1;A32;A73;A153;A41;A61;1;0;1;
24;2424;4;53;2;A34;A75;A152;A43;A65;1;0;1;0,973748207
12;763;4;26;1;A32;A73;A152;A42;A61;1;1;1;0,50085777
10;1364;2;64;1;A32;A73;A152;A40;A61;1;1;1;
12;339;4;45;1;A31;A75;A152;A48;A61;1;0;1;
39;2569;4;24;1;A32;A73;A152;A41;A63;1;0;1;
11;1393;4;35;2;A34;A72;A152;A40;A61;1;1;1;
10;2146;1;23;2;A34;A72;A151;A42;A61;1;1;1;
36;7127;2;23;2;A34;A72;A151;A42;A61;0;1;0;0,119280986
36;2337;4;36;1;A34;A75;A152;A43;A61;1;0;1;0,953721702
15;1829;4;46;2;A34;A75;A152;A43;A61;1;0;1;0,986867905
39;14179;4;30;2;A34;A74;A152;A42;A65;0;0;1;0,415342033
48;6110;1;31;1;A34;A73;A153;A46;A61;0;0;1;
24;1901;4;29;1;A32;A73;A151;A43;A62;1;0;1;0,821562469
6;1743;1;34;2;A33;A73;A152;A49;A62;1;0;1;
36;9034;4;29;1;A32;A72;A151;A42;A62;0;0;0;
36;3804;4;42;1;A30;A73;A152;A43;A61;1;1;0;
36;9572;1;28;2;A33;A72;A152;A49;A61;0;0;0;
24;4526;3;74;1;A34;A73;A152;A49;A61;1;0;1;0,92298305
36;2337;4;36;1;A34;A75;A152;A43;A61;1;0;1;
15;1905;4;40;1;A32;A75;A151;A46;A61;1;0;1;0,803046405
18;1936;2;23;2;A32;A74;A151;A43;A65;1;0;1;
48;3578;4;47;1;A34;A75;A152;A43;A65;1;0;1;
24;4591;2;54;3;A32;A73;A152;A49;A64;1;0;0;
30;2150;4;24;1;A32;A73;A152;A40;A61;1;1;0;0,128163472
30;8386;2;49;1;A34;A74;A152;A42;A61;0;0;0;
48;10297;4;39;3;A32;A74;A153;A41;A61;0;0;0;
21;2923;1;28;1;A32;A73;A152;A40;A62;1;1;1;
24;2872;3;36;1;A34;A75;A152;A43;A62;1;0;1;0,975641549
60;7418;1;27;1;A33;A73;A152;A43;A65;0;0;1;
24;2910;2;34;1;A32;A74;A153;A41;A61;1;0;1;0,946999073
12;639;4;30;1;A32;A73;A152;A45;A61;1;0;0;
30;8072;2;25;3;A30;A72;A152;A49;A65;0;0;1;
6;1221;1;27;2;A34;A73;A152;A42;A65;1;0;1;
4;3380;1;37;1;A34;A74;A152;A40;A61;1;1;1;0,985270202
24;1553;3;23;2;A33;A74;A151;A43;A62;1;1;1;
48;6758;3;31;1;A32;A73;A152;A43;A61;0;1;0;
24;2910;2;34;1;A32;A74;A153;A41;A61;1;0;1;
6;1343;1;46;2;A34;A75;A152;A40;A61;1;0;1;
60;6527;4;34;1;A32;A73;A153;A40;A65;0;0;1;0,705730617
24;6313;3;41;1;A32;A75;A152;A41;A65;0;0;1;
15;1979;4;35;1;A32;A75;A152;A43;A65;1;0;1;
48;7582;2;31;1;A33;A71;A153;A410;A62;0;0;1;
24;929;4;31;1;A32;A74;A152;A42;A65;1;0;1;
18;1442;4;32;2;A31;A74;A153;A40;A61;1;0;0;
21;2241;4;50;2;A32;A75;A152;A42;A61;1;0;1;
21;2353;1;47;2;A33;A73;A152;A40;A61;1;0;1;
12;1493;4;34;1;A32;A72;A152;A43;A61;1;1;1;0,850263715
24;6967;4;36;1;A33;A74;A151;A49;A62;0;0;1;0,928072631
6;3518;2;26;1;A32;A73;A151;A40;A61;1;0;1;0,939830005
18;2238;2;25;2;A34;A73;A152;A43;A61;1;1;1;
15;1433;4;25;2;A34;A73;A151;A42;A61;1;1;1;
20;6468;1;60;1;A32;A71;A152;A41;A65;0;0;1;
9;1919;4;35;1;A34;A74;A151;A42;A61;1;0;1;
30;1867;4;58;1;A32;A75;A152;A43;A65;1;0;1;
36;3249;2;39;1;A32;A74;A153;A40;A61;1;0;1;0,918131471
8;907;3;26;1;A32;A72;A152;A49;A61;1;0;1;
24;1258;4;25;1;A32;A74;A152;A49;A61;1;0;1;
30;7485;4;53;1;A31;A71;A152;A41;A65;0;1;0;
10;1225;2;37;1;A32;A73;A152;A44;A61;1;0;1;
39;2569;4;24;1;A32;A73;A152;A41;A63;1;0;1;
12;2279;4;37;1;A32;A73;A153;A43;A65;1;0;1;
24;1393;2;31;1;A32;A73;A152;A40;A61;1;0;1;
18;3612;3;37;1;A34;A75;A152;A42;A61;1;1;1;
18;2389;4;27;1;A32;A72;A152;A43;A61;1;1;1;
6;1554;1;24;2;A34;A74;A151;A43;A61;1;1;1;
18;1817;4;28;2;A34;A73;A152;A42;A61;1;1;1;
15;1053;4;27;1;A32;A72;A152;A43;A61;1;0;1;0,940633714
18;1113;4;26;1;A32;A73;A152;A43;A61;1;1;1;
18;4165;2;36;2;A30;A73;A152;A49;A61;1;0;0;0,585315347
10;1309;4;27;1;A32;A73;A152;A40;A65;1;0;0;
36;10477;2;42;2;A34;A75;A153;A41;A65;0;0;1;
18;3780;3;35;2;A34;A72;A152;A42;A61;1;0;1;
45;4746;4;25;2;A34;A72;A152;A43;A61;1;0;0;0,214441136
36;9857;1;31;2;A33;A74;A152;A49;A62;0;0;1;0,947538555
24;3430;3;31;1;A32;A75;A152;A43;A63;1;0;1;
30;4249;4;28;2;A34;A71;A152;A40;A61;1;0;0;
24;1371;4;25;1;A32;A73;A151;A40;A65;1;1;0;
36;4686;2;32;1;A32;A73;A153;A41;A61;1;0;1;0,945514977
24;1516;4;43;2;A34;A73;A152;A43;A64;1;1;1;
36;8086;2;42;4;A33;A75;A152;A40;A62;0;0;0;0,551334202
24;7393;1;43;1;A32;A73;A152;A40;A61;0;0;1;0,765325785
30;2181;4;36;2;A34;A75;A152;A40;A65;1;0;1;
24;3092;3;22;1;A32;A72;A151;A43;A62;1;0;0;0,328239381
27;3416;3;27;1;A32;A73;A152;A43;A61;1;0;1;
12;1409;4;54;1;A34;A75;A152;A41;A61;1;0;1;
12;6199;4;28;2;A30;A73;A151;A43;A61;0;0;0;0,503407598
24;5084;2;42;1;A32;A75;A152;A43;A65;0;1;1;0,907789409
9;1549;4;35;1;A32;A72;A152;A40;A65;1;0;1;0,793801844
15;1316;2;47;2;A34;A73;A152;A43;A63;1;0;1;
28;4006;3;45;1;A32;A73;A152;A40;A61;1;0;0;
18;1442;4;32;2;A31;A74;A153;A40;A61;1;0;0;0,046681162
24;2333;4;29;1;A33;A72;A152;A42;A65;1;0;1;0,607412219
6;1047;2;50;1;A34;A73;A152;A46;A61;1;1;1;0,940321565
12;926;1;38;1;A34;A71;A152;A40;A61;1;1;1;
9;1082;4;27;2;A32;A75;A152;A43;A61;1;0;1;0,938263953
18;3244;1;33;2;A30;A73;A152;A42;A61;1;1;1;
18;1924;4;27;1;A32;A72;A151;A42;A65;1;1;0;
18;1582;4;46;2;A34;A75;A152;A43;A64;1;0;1;
12;685;2;25;1;A32;A74;A152;A40;A61;1;0;0;0,282174885
48;6758;3;31;1;A32;A73;A152;A43;A61;0;1;0;0,230859026
21;3599;1;26;1;A32;A74;A151;A42;A61;1;1;1;
48;10127;2;44;1;A34;A73;A153;A40;A63;0;0;0;0,420246899
15;2631;3;25;1;A32;A73;A152;A45;A62;1;1;1;0,942965508
12;2279;4;37;1;A32;A73;A153;A43;A65;1;0;1;0,845337093
4;601;1;23;1;A32;A72;A151;A42;A61;1;1;1;0,828695834
12;1410;2;31;1;A30;A73;A152;A48;A61;1;0;1;
18;3378;2;31;1;A32;A73;A152;A41;A65;1;0;1;
12;719;4;41;1;A32;A75;A152;A46;A61;1;0;0;
21;3357;4;29;1;A32;A72;A152;A43;A64;1;1;1;0,97032541
18;1936;2;23;2;A32;A74;A151;A43;A65;1;0;1;0,900123179
12;2748;2;57;3;A34;A75;A153;A46;A61;1;1;1;
12;1262;3;25;1;A32;A73;A152;A43;A61;1;0;1;
30;5954;3;38;1;A34;A74;A152;A43;A61;0;0;1;
12;640;4;49;1;A32;A73;A152;A40;A61;1;0;1;
24;4870;3;53;2;A33;A73;A153;A40;A61;1;0;0;
6;932;3;24;1;A33;A73;A152;A43;A61;1;1;1;
9;1501;2;34;2;A34;A75;A152;A46;A61;1;1;0;
24;2223;4;52;2;A34;A75;A152;A43;A62;1;0;1;
18;1940;3;36;1;A31;A72;A153;A43;A61;1;0;1;
15;1569;4;34;1;A31;A75;A152;A43;A62;1;0;1;
18;1098;4;65;2;A34;A71;A152;A43;A61;1;1;1;
9;1136;4;32;2;A34;A75;A153;A46;A64;1;0;0;
36;2299;4;39;1;A32;A75;A152;A43;A63;1;0;1;
18;2389;4;27;1;A32;A72;A152;A43;A61;1;1;1;
36;2712;2;41;1;A32;A75;A152;A42;A61;1;0;0;
30;1919;4;30;2;A33;A72;A152;A43;A62;1;0;0;
18;1345;4;26;1;A32;A73;A152;A43;A61;1;0;0;
14;3973;1;22;1;A32;A71;A153;A40;A61;1;0;1;
14;8978;1;45;1;A32;A75;A152;A40;A61;0;0;0;0,255675048
18;3001;2;40;1;A32;A74;A151;A42;A61;1;1;1;0,784865439
12;1393;4;47;3;A32;A75;A152;A46;A61;1;0;1;
24;11938;2;39;2;A34;A73;A152;A410;A61;0;0;0;
30;3017;4;47;1;A34;A75;A152;A43;A61;1;0;1;
30;4221;2;28;2;A30;A73;A152;A49;A61;1;1;1;
12;888;4;41;1;A32;A75;A152;A40;A61;1;0;0;
12;2366;3;36;1;A34;A74;A152;A40;A63;1;0;1;
24;2375;4;44;2;A33;A73;A152;A49;A63;1;0;1;0,812348962
22;2675;3;40;1;A32;A75;A152;A43;A63;1;0;1;
36;3349;4;28;1;A32;A73;A152;A42;A61;1;1;0;
36;9566;2;31;2;A34;A73;A152;A43;A61;0;1;1;
18;3590;3;40;3;A34;A71;A152;A49;A61;1;0;1;
15;1459;4;43;1;A34;A73;A152;A43;A61;1;1;1;0,879472017
24;2325;2;32;1;A31;A74;A152;A40;A62;1;0;1;
6;1238;4;36;1;A32;A71;A152;A48;A65;1;0;1;0,978028238
42;7174;4;30;1;A32;A74;A152;A43;A65;0;1;0;0,336706817
48;6681;4;38;1;A33;A73;A153;A49;A65;0;0;1;0,795449376
21;1188;2;39;1;A32;A75;A152;A49;A61;1;1;0;0,66787833
12;701;4;40;1;A32;A73;A152;A43;A61;1;0;1;
36;3249;2;39;1;A32;A74;A153;A40;A61;1;0;1;0,918131471
36;3711;2;27;1;A32;A73;A152;A46;A65;1;0;1;
18;750;4;27;1;A32;A71;A152;A46;A61;1;1;0;0,052142147
36;9566;2;31;2;A34;A73;A152;A43;A61;0;1;1;0,811399579
9;1980;2;19;2;A32;A72;A151;A42;A61;1;1;0;
15;2687;2;26;1;A32;A74;A151;A49;A61;1;0;1;0,821779311
6;428;2;49;1;A32;A75;A152;A42;A61;1;1;1;0,974983633
18;1795;3;48;2;A34;A75;A151;A43;A61;1;1;1;
54;15945;3;58;1;A30;A72;A151;A49;A61;0;0;0;
60;15653;2;21;2;A33;A74;A152;A43;A61;0;0;1;0,81282717
10;2132;2;27;2;A34;A72;A151;A42;A65;1;1;1;0,963466287
18;1928;2;31;2;A34;A72;A152;A42;A61;1;0;0;0,795483112
7;2329;1;45;1;A32;A72;A152;A43;A61;1;1;1;0,980594456
24;3757;4;62;1;A32;A75;A153;A40;A61;1;1;1;
6;14555;1;23;1;A32;A71;A152;A40;A65;0;0;0;
24;4057;3;43;1;A32;A74;A152;A42;A61;1;0;0;
21;2606;4;28;1;A32;A72;A151;A43;A61;1;1;1;
12;1402;3;37;1;A34;A74;A151;A42;A63;1;1;1;
12;674;4;20;1;A32;A74;A152;A43;A62;1;0;0;
45;1845;4;23;1;A32;A73;A153;A43;A61;1;0;0;
30;2503;4;41;2;A33;A75;A152;A49;A62;1;0;1;
36;1842;4;34;1;A32;A72;A152;A40;A61;1;1;0;
18;1056;3;30;2;A34;A75;A152;A40;A61;1;0;0;
40;5998;4;27;1;A34;A73;A152;A46;A61;0;0;0;
24;5804;4;27;2;A34;A73;A152;A41;A64;0;0;1;
12;717;4;52;3;A34;A75;A152;A43;A61;1;0;1;
15;3556;3;29;1;A32;A73;A152;A40;A65;1;0;1;
12;1526;4;66;2;A34;A75;A153;A41;A61;1;0;1;
24;7758;2;29;1;A34;A75;A151;A41;A64;0;1;1;0,820176661
14;3973;1;22;1;A32;A71;A153;A40;A61;1;0;1;
9;2136;3;25;1;A32;A73;A152;A42;A61;1;0;1;
30;3857;4;40;1;A32;A73;A152;A41;A61;1;0;1;
12;1412;4;29;2;A34;A73;A152;A49;A61;1;1;1;
12;1103;4;29;2;A32;A74;A152;A43;A61;1;0;1;
24;3878;4;37;1;A34;A72;A152;A40;A62;1;0;1;0,940552175
60;7297;4;36;1;A32;A75;A151;A49;A61;0;0;0;0,291330278
10;1364;2;64;1;A32;A73;A152;A40;A61;1;1;1;
36;1819;4;37;1;A32;A73;A153;A46;A61;1;0;0;0,173395038
36;2299;4;39;1;A32;A75;A152;A43;A63;1;0;1;
24;3617;4;20;2;A34;A75;A151;A42;A65;1;0;1;0,936815202
15;3029;2;33;1;A32;A74;A152;A41;A61;1;0;1;0,965745568
9;1154;2;37;3;A34;A75;A152;A43;A61;1;0;1;
12;2759;2;34;2;A30;A75;A152;A42;A61;1;0;1;0,888449073
12;902;4;21;1;A32;A74;A151;A48;A61;1;0;0;
24;4736;2;25;1;A34;A72;A152;A42;A61;1;1;0;
36;3913;2;23;1;A32;A73;A152;A43;A61;1;0;1;
6;1238;4;36;1;A32;A71;A152;A48;A65;1;0;1;0,978028238
24;11328;2;29;2;A32;A73;A152;A410;A61;0;0;0;0,171015754
24;5743;2;24;2;A34;A72;A153;A46;A61;0;1;1;
12;996;4;23;2;A34;A74;A152;A45;A65;1;1;1;
10;1240;1;48;1;A32;A75;A153;A40;A62;1;1;0;
12;1092;4;49;2;A32;A73;A152;A43;A61;1;1;1;
24;4151;2;35;2;A33;A73;A152;A42;A62;1;0;1;0,929846466
24;2603;2;28;1;A32;A73;A151;A41;A64;1;1;1;
12;2331;1;49;1;A34;A75;A152;A43;A65;1;0;1;0,966748893
10;2241;1;48;2;A34;A72;A151;A40;A61;1;0;1;
18;2124;4;24;2;A34;A73;A151;A42;A61;1;1;0;
18;3190;2;24;1;A32;A73;A152;A43;A61;1;1;0;0,79686594
15;1271;3;39;2;A34;A73;A153;A43;A65;1;0;0;
12;886;4;21;1;A32;A73;A152;A43;A65;1;1;1;
20;7057;3;36;2;A33;A74;A151;A41;A65;0;0;1;
18;1795;3;48;2;A34;A75;A151;A43;A61;1;1;1;0,937539637
21;571;4;65;2;A34;A75;A152;A40;A61;1;0;1;0,816118598
12;707;4;30;2;A32;A73;A152;A43;A61;1;0;1;0,906368554
12;1107;2;20;1;A32;A73;A151;A43;A61;1;0;1;0,367897451
18;2124;4;24;2;A34;A73;A151;A42;A61;1;1;0;
30;4221;2;28;2;A30;A73;A152;A49;A61;1;1;1;
12;1620;2;30;1;A32;A73;A152;A42;A61;1;1;1;
36;2671;4;50;1;A32;A73;A153;A43;A62;1;1;0;
12;3617;1;28;3;A34;A75;A151;A42;A61;1;0;1;
18;1028;4;36;2;A34;A73;A152;A40;A61;1;1;1;
6;609;4;37;2;A34;A74;A152;A40;A61;1;1;1;
24;1282;4;32;1;A32;A73;A152;A43;A62;1;1;0;
24;6313;3;41;1;A32;A75;A152;A41;A65;0;0;1;
6;3384;1;44;1;A34;A73;A151;A42;A61;1;0;0;0,943025172
24;1393;2;31;1;A32;A73;A152;A40;A61;1;0;1;
12;2149;4;29;1;A31;A73;A153;A43;A61;1;0;0;
36;9034;4;29;1;A32;A72;A151;A42;A62;0;0;0;
13;1409;2;64;1;A32;A71;A152;A43;A62;1;1;1;
36;8947;3;31;1;A33;A74;A152;A41;A65;0;0;1;0,950282812
6;1898;1;34;2;A34;A73;A152;A43;A65;1;0;1;
18;1245;4;33;1;A34;A73;A152;A43;A61;1;0;0;
24;4042;3;43;2;A34;A74;A152;A41;A65;1;0;1;
6;1050;4;35;2;A33;A71;A152;A42;A61;1;0;1;
36;3711;2;27;1;A32;A73;A152;A46;A65;1;0;1;0,840570867
12;3651;1;31;1;A32;A73;A152;A40;A64;1;0;1;0,949186325
21;2580;4;41;1;A33;A72;A152;A49;A63;1;0;0;
6;362;4;52;2;A34;A73;A152;A40;A62;1;1;1;0,974374473
12;1255;4;61;2;A34;A75;A152;A40;A61;1;0;1;
30;1867;4;58;1;A32;A75;A152;A43;A65;1;0;1;
30;3656;4;49;2;A34;A75;A152;A43;A65;1;0;1;
15;975;2;25;2;A34;A73;A152;A42;A61;1;0;1;
28;2743;4;29;2;A34;A75;A152;A43;A61;1;0;1;
21;3357;4;29;1;A32;A72;A152;A43;A64;1;1;1;
24;1533;4;38;1;A32;A72;A152;A43;A61;1;1;1;
15;2327;2;25;1;A32;A72;A152;A43;A61;1;1;0;
12;2930;2;27;1;A32;A74;A152;A43;A61;1;1;1;
12;2579;4;33;1;A32;A72;A152;A40;A61;1;0;0;
11;1577;4;20;1;A32;A72;A152;A42;A64;1;1;1;0,942459941
21;2993;3;28;2;A33;A73;A152;A41;A61;1;0;1;
18;6204;2;44;1;A33;A73;A152;A45;A61;0;0;1;
12;1331;2;22;1;A32;A72;A152;A43;A61;1;0;0;0,335771143
24;3878;4;37;1;A34;A72;A152;A40;A62;1;0;1;
12;2578;3;55;1;A32;A71;A153;A42;A61;1;1;1;
48;4308;3;24;1;A32;A72;A151;A49;A61;1;1;0;
24;4526;3;74;1;A34;A73;A152;A49;A61;1;0;1;
36;3804;4;42;1;A30;A73;A152;A43;A61;1;1;0;
12;1592;3;35;1;A34;A74;A152;A42;A64;1;1;1;0,963474035
30;2150;4;24;1;A32;A73;A152;A40;A61;1;1;0;
18;1301;4;32;1;A32;A75;A152;A43;A61;1;0;1;0,877650678
30;5771;4;25;2;A34;A74;A152;A43;A61;0;1;1;
12;1474;4;33;1;A32;A72;A152;A42;A61;1;1;1;
15;1316;2;47;2;A34;A73;A152;A43;A63;1;0;1;
9;1364;3;59;1;A32;A74;A152;A43;A61;1;0;1;
12;1108;4;28;2;A30;A74;A152;A45;A61;1;0;0;
24;1371;4;25;1;A32;A73;A151;A40;A65;1;1;0;
10;1275;4;23;1;A32;A72;A152;A42;A61;1;1;1;0,635281146
48;12749;4;37;1;A33;A74;A152;A43;A63;0;0;1;0,919935048
11;3939;1;40;2;A34;A73;A152;A40;A61;1;0;1;
9;918;4;30;1;A32;A73;A152;A42;A61;1;1;0;0,549945474
18;8471;1;23;2;A33;A73;A151;A46;A65;0;1;1;
12;1680;3;35;1;A32;A75;A152;A43;A63;1;0;1;
60;9157;2;27;1;A33;A73;A153;A43;A65;0;0;1;
36;10477;2;42;2;A34;A75;A153;A41;A65;0;0;1;
9;1501;2;34;2;A34;A75;A152;A46;A61;1;1;0;0,313892871
21;1602;4;30;2;A34;A75;A152;A40;A61;1;0;1;0,884766936
24;3123;4;27;1;A32;A72;A152;A40;A61;1;1;0;0,446652919
15;1979;4;35;1;A32;A75;A152;A43;A65;1;0;1;0,960864544
6;1237;1;27;2;A34;A73;A152;A43;A62;1;1;1;
36;1977;4;40;1;A32;A75;A152;A46;A65;1;0;0;0,500827372
12;2292;4;42;2;A34;A71;A152;A49;A61;1;0;0;
48;7685;2;37;1;A31;A74;A151;A49;A61;0;1;0;0,066480957
18;1042;4;33;1;A32;A73;A152;A40;A65;1;1;0;
48;6416;4;59;1;A31;A75;A151;A49;A61;0;1;0;0,076967932
18;2404;2;26;2;A34;A73;A152;A43;A61;1;1;1;
15;5045;1;59;1;A34;A75;A152;A40;A65;0;1;1;
30;4530;4;26;1;A34;A74;A151;A43;A61;1;1;1;
6;1957;1;31;1;A34;A74;A152;A43;A61;1;1;1;
36;7409;3;37;2;A32;A75;A152;A49;A65;0;0;1;
11;3905;2;36;2;A34;A73;A151;A40;A61;1;0;1;
24;3345;4;39;1;A32;A75;A151;A42;A61;1;0;0;
48;3844;4;34;1;A30;A74;A153;A49;A62;1;0;0;
6;6761;1;45;2;A34;A74;A152;A40;A61;0;0;1;0,948189318
9;2753;3;35;1;A32;A75;A152;A43;A62;1;0;1;
36;2337;4;36;1;A34;A75;A152;A43;A61;1;0;1;0,953721702
24;1552;3;32;1;A32;A74;A152;A43;A61;1;0;1;
18;2427;4;42;2;A33;A75;A152;A49;A65;1;0;1;
45;1845;4;23;1;A32;A73;A153;A43;A61;1;0;0;
54;15945;3;58;1;A30;A72;A151;A49;A61;0;0;0;
6;1050;4;35;2;A33;A71;A152;A42;A61;1;0;1;0,974481881
21;2241;4;50;2;A32;A75;A152;A42;A61;1;0;1;
18;3244;1;33;2;A30;A73;A152;A42;A61;1;1;1;
36;3990;3;29;1;A31;A72;A152;A44;A65;1;1;1;
48;6110;1;31;1;A34;A73;A153;A46;A61;0;0;1;
18;3872;2;67;1;A32;A71;A152;A45;A61;1;1;1;0,768849492
36;3446;4;42;1;A32;A75;A152;A42;A61;1;0;0;0,643613338
24;2284;4;28;1;A32;A74;A152;A43;A61;1;0;1;
18;1113;4;26;1;A32;A73;A152;A43;A61;1;1;1;0,729881167
6;4611;1;32;1;A32;A72;A152;A42;A61;1;1;0;
18;3104;3;31;1;A30;A74;A152;A49;A61;1;0;1;0,942345321
18;2389;4;27;1;A32;A72;A152;A43;A61;1;1;1;
24;1382;4;26;2;A34;A74;A152;A49;A62;1;0;1;
12;1258;2;22;2;A34;A72;A151;A42;A61;1;1;1;
48;12169;4;36;1;A31;A71;A153;A40;A65;0;0;1;
24;7814;3;38;1;A32;A74;A152;A41;A61;0;0;1;
15;1537;4;50;2;A34;A75;A152;A43;A65;1;0;1;
6;931;1;32;1;A31;A72;A152;A40;A62;1;1;0;
30;6742;2;36;2;A34;A74;A152;A43;A65;0;0;1;
48;6416;4;59;1;A31;A75;A151;A49;A61;0;1;0;
21;3599;1;26;1;A32;A74;A151;A42;A61;1;1;1;
12;2578;3;55;1;A32;A71;A153;A42;A61;1;1;1;0,867832243
18;1800;4;24;2;A34;A73;A152;A43;A61;1;0;1;
24;12579;4;44;1;A32;A75;A153;A41;A61;0;1;0;0,173550755
12;2577;2;42;1;A32;A73;A152;A42;A61;1;0;1;0,487212181
10;1240;1;48;1;A32;A75;A153;A40;A62;1;1;0;
39;11760;2;32;1;A33;A74;A151;A46;A62;0;0;1;
48;5096;2;30;1;A34;A73;A152;A42;A61;0;1;0;0,365901589
12;2141;3;35;1;A32;A74;A152;A43;A62;1;0;1;0,979545236
24;3161;4;31;1;A31;A73;A151;A49;A61;1;0;0;
12;1526;4;66;2;A34;A75;A153;A41;A61;1;0;1;
10;1231;3;32;2;A34;A75;A152;A40;A61;1;0;1;
24;4817;2;31;1;A32;A74;A152;A40;A61;1;0;0;
9;2301;2;22;1;A32;A72;A151;A42;A62;1;1;1;0,784474075
18;1505;4;32;1;A32;A73;A153;A43;A61;1;0;1;
4;3380;1;37;1;A34;A74;A152;A40;A61;1;1;1;
12;1330;4;26;1;A32;A72;A152;A40;A61;1;0;1;
36;12389;1;37;1;A32;A73;A153;A40;A65;0;0;0;0,456698298
20;2235;4;33;2;A34;A73;A151;A40;A61;1;0;0;
10;1309;4;27;1;A32;A73;A152;A40;A65;1;0;0;0,274828821
18;3850;3;27;2;A34;A74;A152;A41;A61;1;0;1;
18;2462;2;22;1;A32;A73;A152;A42;A61;1;0;0;
24;4057;3;43;1;A32;A74;A152;A42;A61;1;0;0;0,358445108
36;1819;4;37;1;A32;A73;A153;A46;A61;1;0;0;
36;2337;4;36;1;A34;A75;A152;A43;A61;1;0;1;
39;11760;2;32;1;A33;A74;A151;A46;A62;0;0;1;
10;2069;2;26;2;A34;A73;A152;A42;A65;1;0;1;
12;2859;4;38;1;A32;A71;A152;A40;A65;1;0;1;
27;2442;4;43;4;A34;A75;A152;A49;A61;1;0;1;
33;2764;2;26;2;A33;A73;A152;A49;A61;1;1;1;0,814865708
15;960;3;30;2;A33;A74;A152;A42;A64;1;1;1;
24;4712;4;37;2;A33;A73;A152;A49;A65;1;0;1;
6;1346;2;42;1;A32;A75;A153;A43;A62;1;0;1;0,916012704
18;2462;2;22;1;A32;A73;A152;A42;A61;1;0;0;0,395914435
48;3979;4;41;2;A32;A74;A152;A43;A65;1;0;1;
10;1225;2;37;1;A32;A73;A152;A44;A61;1;0;1;
24;7721;1;30;1;A32;A72;A152;A42;A65;0;1;1;
24;2896;2;29;1;A32;A72;A152;A43;A62;1;0;1;0,860666275
12;1158;3;26;1;A32;A73;A152;A43;A63;1;0;1;0,960783005
15;1360;4;31;2;A34;A73;A152;A43;A61;1;0;1;
12;1498;4;23;1;A32;A73;A152;A43;A61;1;1;1;0,860275269
36;2348;3;46;2;A34;A73;A152;A42;A61;1;0;1;
12;707;4;30;2;A32;A73;A152;A43;A61;1;0;1;
9;1980;2;19;2;A32;A72;A151;A42;A61;1;1;0;
15;2708;2;27;2;A32;A72;A152;A42;A61;1;0;1;0,537605464
15;1262;4;36;2;A32;A74;A152;A44;A63;1;0;1;
36;3342;4;51;1;A34;A75;A152;A43;A65;1;0;1;
8;760;4;44;1;A32;A74;A152;A43;A61;1;1;1;
4;1544;2;42;3;A34;A74;A152;A43;A61;1;0;1;0,99107939
18;1943;4;23;1;A32;A72;A152;A45;A61;1;1;0;
48;10222;4;37;1;A32;A74;A152;A43;A65;0;0;1;0,725204945
6;428;2;49;1;A32;A75;A152;A42;A61;1;1;1;0,974983633
12;1289;4;21;1;A32;A73;A152;A42;A61;1;0;1;0,686437726
12;3059;2;61;1;A32;A74;A152;A43;A64;1;0;1;
42;5954;2;41;2;A34;A74;A152;A49;A61;0;1;1;
36;10974;4;26;2;A32;A71;A152;A42;A61;0;1;0;
27;8318;2;42;2;A30;A75;A153;A49;A61;0;1;0;
30;2991;2;25;1;A32;A75;A152;A43;A65;1;1;1;0,807431757
30;2150;4;24;1;A32;A73;A152;A40;A61;1;1;0;
24;3149;4;22;1;A32;A72;A153;A42;A61;1;0;1;
6;1203;3;43;1;A32;A75;A152;A40;A62;1;0;1;
8;1414;4;33;1;A32;A73;A152;A43;A61;1;0;1;
24;2303;4;45;1;A32;A75;A152;A40;A61;1;0;0;
11;1577;4;20;1;A32;A72;A152;A42;A64;1;1;1;
24;1935;4;31;2;A34;A75;A152;A49;A61;1;0;0;
36;3249;2;39;1;A32;A74;A153;A40;A61;1;0;1;
48;8358;1;30;2;A30;A72;A152;A40;A63;0;1;1;0,770951033
24;3062;4;32;1;A32;A75;A151;A42;A63;1;0;1;
9;1980;2;19;2;A32;A72;A151;A42;A61;1;1;0;
6;2108;2;29;1;A32;A74;A151;A43;A61;1;0;1;
6;1361;2;40;1;A34;A72;A152;A40;A61;1;0;1;
7;2415;3;34;1;A32;A73;A152;A43;A61;1;0;1;0,973621845
36;909;4;36;1;A32;A75;A152;A40;A63;1;0;1;
12;2028;4;30;1;A32;A73;A152;A41;A65;1;0;1;
24;4169;4;28;1;A32;A73;A152;A42;A61;1;0;1;
12;1386;2;26;1;A32;A73;A152;A40;A63;1;1;0;
24;2996;2;20;1;A32;A73;A152;A42;A65;1;0;0;0,816740394
18;2473;4;25;1;A32;A71;A152;A42;A61;1;0;0;
45;11816;2;29;2;A30;A75;A151;A49;A61;0;0;0;
21;3599;1;26;1;A32;A74;A151;A42;A61;1;1;1;0,903359115
6;1323;2;28;2;A34;A75;A152;A40;A62;1;0;1;0,945845604
12;888;4;41;1;A32;A75;A152;A40;A61;1;0;0;
12;759;4;26;1;A32;A74;A152;A40;A61;1;0;0;
12;5801;2;49;1;A34;A75;A151;A42;A65;0;0;1;
18;3104;3;31;1;A30;A74;A152;A49;A61;1;0;1;
6;672;1;54;1;A32;A71;A152;A40;A61;1;1;1;0,908012688
36;6887;4;29;1;A33;A73;A152;A46;A61;0;0;0;
12;976;4;35;2;A34;A75;A152;A43;A65;1;0;1;
36;2394;4;25;1;A32;A73;A152;A43;A65;1;1;1;0,311896652
12;2251;1;46;1;A32;A73;A152;A42;A61;1;1;1;
24;1381;4;35;1;A32;A73;A152;A40;A65;1;1;0;
22;2675;3;40;1;A32;A75;A152;A43;A63;1;0;1;0,938190401
48;5096;2;30;1;A34;A73;A152;A42;A61;0;1;0;0,365901589
11;1322;4;40;2;A34;A73;A152;A40;A64;1;1;1;0,966035187
36;4455;2;30;2;A33;A73;A152;A49;A61;1;0;0;
18;1131;4;33;1;A32;A71;A152;A42;A61;1;1;0;0,094564855
12;618;4;56;1;A34;A75;A152;A43;A61;1;0;1;
9;1138;4;25;2;A34;A73;A152;A43;A61;1;0;1;
15;3343;4;28;1;A34;A73;A153;A42;A61;1;0;1;
36;2273;3;32;2;A32;A74;A152;A46;A61;1;0;1;
10;1225;2;37;1;A32;A73;A152;A44;A61;1;0;1;
12;2121;4;30;2;A34;A73;A152;A40;A61;1;0;1;
36;11054;4;30;1;A34;A73;A152;A41;A65;0;0;1;
24;2064;3;34;1;A33;A71;A152;A42;A61;1;1;0;0,297550738
24;2303;4;45;1;A32;A75;A152;A40;A61;1;0;0;
30;5771;4;25;2;A34;A74;A152;A43;A61;0;1;1;
10;1364;2;64;1;A32;A73;A152;A40;A61;1;1;1;
60;15653;2;21;2;A33;A74;A152;A43;A61;0;0;1;
36;9566;2;31;2;A34;A73;A152;A43;A61;0;1;1;
18;6361;2;41;1;A34;A75;A152;A42;A61;0;0;1;
18;3114;1;26;1;A30;A72;A151;A42;A61;1;1;0;
24;2679;4;29;1;A32;A72;A152;A41;A61;1;1;1;
36;8335;3;47;1;A32;A75;A153;A41;A65;0;0;0;0,217226058
18;1169;4;29;2;A34;A73;A152;A43;A65;1;0;1;
18;1239;4;61;1;A32;A73;A153;A46;A65;1;0;1;
12;1498;4;23;1;A32;A73;A152;A43;A61;1;1;1;
6;1169;4;67;2;A34;A75;A152;A43;A65;1;0;1;0,966621459
18;1126;4;21;1;A32;A72;A151;A43;A65;1;1;1;
24;1193;1;29;2;A31;A71;A151;A40;A61;1;1;0;
24;3758;1;23;1;A32;A71;A151;A43;A63;1;1;1;
18;3244;1;33;2;A30;A73;A152;A42;A61;1;1;1;
24;1207;4;24;1;A32;A72;A151;A40;A61;1;1;0;
24;4591;2;54;3;A32;A73;A152;A49;A64;1;0;0;0,412694514
15;6850;1;34;1;A31;A71;A152;A40;A62;0;0;0;
36;3446;4;42;1;A32;A75;A152;A42;A61;1;0;0;0,643613338
24;3235;3;26;1;A32;A75;A152;A43;A63;1;0;1;
8;731;4;47;2;A34;A75;A152;A40;A61;1;0;1;
30;1867;4;58;1;A32;A75;A152;A43;A65;1;0;1;
12;522;4;42;2;A34;A75;A152;A43;A63;1;0;1;0,898851097
42;7174;4;30;1;A32;A74;A152;A43;A65;0;1;0;
18;1984;4;47;2;A32;A73;A153;A42;A61;1;0;1;0,534722626
36;9566;2;31;2;A34;A73;A152;A43;A61;0;1;1;0,811399579
12;1331;2;22;1;A32;A72;A152;A43;A61;1;0;0;
36;9857;1;31;2;A33;A74;A152;A49;A62;0;0;1;
36;5742;2;31;2;A32;A74;A152;A49;A62;0;0;1;
24;2064;3;34;1;A33;A71;A152;A42;A61;1;1;0;0,297550738
36;8335;3;47;1;A32;A75;A153;A41;A65;0;0;0;
48;3931;4;46;1;A32;A74;A153;A40;A61;1;0;0;
36;5371;3;28;2;A34;A73;A152;A42;A61;1;0;1;0,444099516
30;3832;2;22;1;A32;A72;A152;A42;A61;1;0;1;
12;795;4;53;1;A32;A72;A152;A46;A61;1;1;0;
27;5293;2;50;2;A30;A71;A152;A49;A61;1;0;0;0,620854557
27;5117;3;26;2;A33;A74;A152;A49;A61;1;0;1;0,842441857
21;12680;4;30;1;A34;A75;A153;A40;A65;0;0;0;0,168023735
9;1478;4;22;1;A32;A74;A152;A43;A61;1;0;0;
30;4530;4;26;1;A34;A74;A151;A43;A61;1;1;1;
48;10961;1;27;2;A32;A74;A152;A43;A64;0;0;0;0,600896358
30;4221;2;28;2;A30;A73;A152;A49;A61;1;1;1;
15;2631;2;28;2;A32;A73;A151;A40;A62;1;1;0;
12;1884;4;39;1;A32;A75;A152;A40;A61;1;0;1;0,299513519
18;1887;4;28;2;A34;A73;A152;A49;A65;1;0;1;0,953368783
36;2299;4;39;1;A32;A75;A152;A43;A63;1;0;1;0,914916515
12;2141;3;35;1;A32;A74;A152;A43;A62;1;0;1;
48;10127;2;44;1;A34;A73;A153;A40;A63;0;0;0;0,420246899
26;7966;2;30;2;A32;A72;A152;A41;A61;0;0;1;0,829072118
27;3416;3;27;1;A32;A73;A152;A43;A61;1;0;1;
24;1381;4;35;1;A32;A73;A152;A40;A65;1;1;0;0,119753689
15;2687;2;26;1;A32;A74;A151;A49;A61;1;0;1;0,821779311
10;2146;1;23;2;A34;A72;A151;A42;A61;1;1;1;0,946239173
24;1553;3;23;2;A33;A74;A151;A43;A62;1;1;1;0,917285979
12;795;4;53;1;A32;A72;A152;A46;A61;1;1;0;
15;3812;1;23;1;A32;A72;A152;A41;A62;1;1;1;
14;3973;1;22;1;A32;A71;A153;A40;A61;1;0;1;0,811725795
24;3092;3;22;1;A32;A72;A151;A43;A62;1;0;0;
24;4113;3;28;1;A32;A72;A151;A41;A63;1;1;0;
15;1514;4;22;1;A32;A73;A152;A45;A62;1;0;1;
48;4308;3;24;1;A32;A72;A151;A49;A61;1;1;0;
6;1068;4;28;1;A32;A75;A152;A43;A61;1;0;1;
36;3990;3;29;1;A31;A72;A152;A44;A65;1;1;1;
12;836;4;23;1;A32;A72;A152;A40;A62;1;1;0;0,109342389
15;3568;4;54;1;A32;A75;A151;A43;A61;1;1;1;
36;4463;4;26;2;A33;A73;A152;A43;A61;1;0;0;
24;7393;1;43;1;A32;A73;A152;A40;A61;0;0;1;
15;1053;4;27;1;A32;A72;A152;A43;A61;1;0;1;
48;3609;1;27;1;A31;A73;A152;A49;A61;1;1;1;
10;2146;1;23;2;A34;A72;A151;A42;A61;1;1;1;0,946239173
36;6948;2;35;1;A32;A73;A151;A41;A61;0;0;1;0,909903347
24;3868;4;41;2;A34;A75;A151;A41;A61;1;1;1;
24;3758;1;23;1;A32;A71;A151;A43;A63;1;1;1;0,867527485
30;4530;4;26;1;A34;A74;A151;A43;A61;1;1;1;
12;1108;4;28;2;A30;A74;A152;A45;A61;1;0;0;
12;1386;2;26;1;A32;A73;A152;A40;A63;1;1;0;0,306293547
12;926;1;38;1;A34;A71;A152;A40;A61;1;1;1;
36;2746;4;31;1;A31;A75;A152;A42;A61;1;0;0;
6;338;4;52;2;A34;A75;A152;A43;A63;1;0;1;0,961263597
18;3049;1;45;1;A32;A72;A152;A42;A61;1;1;1;0,778507411
24;1987;2;21;1;A32;A73;A151;A43;A61;1;0;0;
36;7409;3;37;2;A32;A75;A152;A49;A65;0;0;1;
30;2333;4;30;1;A32;A75;A152;A43;A63;1;0;1;
30;4280;4;26;2;A30;A73;A151;A49;A62;1;1;0;
30;2503;4;41;2;A33;A75;A152;A49;A62;1;0;1;
9;1366;3;22;1;A32;A72;A151;A43;A61;1;1;0;
36;5493;2;42;1;A32;A75;A153;A41;A61;0;0;1;
28;4006;3;45;1;A32;A73;A152;A40;A61;1;0;0;
21;2288;4;23;1;A34;A72;A152;A42;A61;1;1;1;
9;936;4;52;2;A34;A75;A152;A46;A63;1;0;1;0,954162657
30;1867;4;58;1;A32;A75;A152;A43;A65;1;0;1;0,948934555
9;790;4;66;1;A32;A73;A152;A43;A63;1;1;1;0,86075604
36;3620;1;37;1;A32;A73;A152;A42;A61;1;0;1;0,779195905
24;1987;2;21;1;A32;A73;A151;A43;A61;1;0;0;0,265491039
18;976;1;23;1;A32;A72;A152;A40;A61;1;1;0;0,345421046
24;6872;2;55;1;A31;A72;A152;A42;A61;0;0;0;
15;3594;1;46;2;A33;A72;A152;A41;A61;1;1;1;
21;5003;1;29;2;A30;A73;A152;A40;A65;0;1;0;
24;2022;4;37;1;A34;A73;A152;A40;A61;1;1;1;
30;2150;4;24;1;A32;A73;A152;A40;A61;1;1;0;
9;1449;3;27;2;A32;A74;A152;A49;A61;1;1;1;0,806962371
24;2718;3;20;1;A32;A73;A151;A40;A61;1;1;0;
30;2181;4;36;2;A34;A75;A152;A40;A65;1;0;1;0,962932646
60;7418;1;27;1;A33;A73;A152;A43;A65;0;0;1;0,888050139
9;1206;4;25;1;A32;A75;A152;A43;A61;1;1;1;
48;3931;4;46;1;A32;A74;A153;A40;A61;1;0;0;
18;1817;4;28;2;A34;A73;A152;A42;A61;1;1;1;
15;1512;3;61;2;A33;A73;A152;A45;A64;1;0;0;
30;5234;4;28;2;A34;A71;A152;A40;A61;1;0;0;
8;731;4;47;2;A34;A75;A152;A40;A61;1;0;1;
12;1258;2;22;2;A34;A72;A151;A42;A61;1;1;1;
6;1595;3;51;1;A32;A74;A152;A43;A61;1;0;1;0,976574481
6;666;3;39;2;A34;A74;A152;A40;A64;1;1;1;